학번,이름,반,기말점수,보고서반영,V1_기존세특,V1_글자수,V1_바이트,V2_고도화세특,V2_글자수,V2_바이트,구분,근거자료,비고
30128,장준석,A,89.5,○,"과제마다 원리를 확인하려는 태도로 참여하는 학생임. 최적화와 의사결정 활동에서 여러 제약 속에서 목적함수를 가장 크거나 작게 만드는 값을 찾는 문제의 구조를 이해하고, 선택지를 수치로 비교해 합리적 결정을 내리는 과정을 경험함. 해밍거리 활동에서는 같은 길이의 두 부호에서 서로 다른 자리의 개수로 거리를 정의하고, 이것이 오류 검출·정정과 이미지 분류의 유사도 척도로 쓰임을 파악함. 이미지 자료의 표현·처리와 CNN 필터 성분 분석 활동에서 이미지를 픽셀값 행렬로 보고 합성곱 필터가 인접 화소의 가중합으로 경계나 방향 성분을 강조함을 개념적으로 설명함. TF-IDF 단어구름 활동에서는 자주 나오되 흔치 않은 단어에 큰 가중치를 주는 TF×log(N/DF)의 원리를 이해하고, 순서도 활동에서 순차·조건·반복의 제어구조로 알고리즘을 표현함. 특히 해밍거리는 두 부호 1011과 1101처럼 자리별로 비교해 다른 자리의 수를 세는 방식이라, 두 데이터가 얼마나 다른지를 정수로 간단히 나타낼 수 있음을 이해함. 최적화 문제에서는 제약이 부등식으로 주어질 때 만족하는 영역 안에서 목적함숫값이 가장 좋은 지점을 찾는다는 구조를 파악하며, 여러 활동의 수학 개념을 서로 연결지어 사고하는 힘을 키움. 다양한 활동을 통해 이산수학과 행렬·최적화 개념을 실제 문제에 연결하며 사고의 폭을 넓히는 모습을 보여줌.",675,1627,"수업의 모든 수학 활동에 성실히 참여하며 개념을 실제 문제와 연결하는 탐구 의욕이 높은 학생임. 논리집합 연산 카드 활동에서 AND·OR·NOT·XOR 연산의 진리표를 체계적으로 작성하고 드모르간 법칙 ¬(P∧Q)=¬P∨¬Q를 진리표로 검증함. 나만의 순서도 구성하기 활동에서 반복·조건·순차 구조를 결합한 알고리즘을 설계하며 제어 흐름의 수학적 형식화를 익힘. 이미지 자료의 표현·처리·시각화 활동에서 픽셀값 행렬의 합성곱 연산이 필터 크기의 이웃 화소를 가중합하여 이미지를 변환하는 수학적 구조를 이해하고, CNN 필터 성분 분석에서 특정 방향 경계를 추출하는 필터 행렬이 해당 방향의 편미분을 근사함을 파악함. 해밍거리 실습에서 동일 길이 이진 부호 간 서로 다른 자리의 수 d_H(u,v)=Σ|u_i−v_i|로 데이터 유사도를 정량화하는 원리를 이해함. TF-IDF 단어구름 활동에서 TF(t,d)×log(N/DF(t)) 수식의 로그 항이 흔한 단어의 가중치를 감쇠하여 문서 집합에서 핵심 단어를 자동 추출하는 정보이론적 원리를 이해함. 최적화와 의사결정 활동 보고서에서 여러 제약조건 하에 목적함수를 최대·최소화하는 선형계획법 구조를 분석하고, 가중합 점수로 선택지를 수치 비교하는 의사결정 모형을 직접 설계함. 논리·순서도·이미지·해밍·TF-IDF·CNN·최적화·보고서까지 8개 이상의 활동 전체를 완수하며, 각 수학 개념이 다음 개념의 도구가 되는 계열적 이해를 갖추는 탁월한 학습 성실성과 탐구 깊이를 동시에 보여줌. 기말고사(수학:인공지능 수학)에서 89.5점(전체 평균 61.5점)을 취득하여 전체 평균을 크게 상회하는 우수한 학업 성취를 이룸. 인공지능수학의 핵심 개념을 깊이 이해하고 이를 문제에 정확히 적용하는 능력을 보임.",866,2020,노션 수행평가 기반 고도화 ★★,,활동명 기반(제출 원문 미정독) — 교사 검토 요망
30204,김도현,A,37.0,○(최신보고서반영),"수학적 규칙의 근거를 스스로 캐묻는 탐구 성향이 남다른 학생으로, 합성곱 신경망 필터 단원에서 '필터 계수는 왜 그렇게 정해지는가'라는 의문을 스스로 세우고 좌상단에서 우하단으로 밝아지는 방향을 강조하는 방향성 엠보스 필터를 직접 설계하는 탐구를 주도함. 중심 기준 상대좌표 (r, c)에 대해 가중치를 w(r, c)=r+c로 정의한 뒤, 임의로 정한 규칙이 아니라 수학적으로 타당한 규칙임을 확인하고자 필터의 대칭성을 직접 분석함. 중심대칭점에서 w(−r, −c)=−(r+c)=−w(r, c)로 부호가 반전되는 반대칭성을 확인하고, 그로부터 전체 성분의 합 Σw(r, c)=0이 성립함을 대칭 쌍끼리 상쇄됨을 근거로 꼼꼼히 논증함. 합이 0이라는 조건이 갖는 의미를 스스로 해석하여, 밝기가 일정한 평탄 영역에서는 이웃 화소의 가중합이 서로 상쇄되어 응답이 0이 되고 특정 대각 방향으로 밝기가 변하는 기울기에서만 필터가 강하게 반응함을 이끌어냄. 이 과정에서 자신이 설계한 필터가 결국 방향 도함수를 근사하는 미분 연산으로 작동함을 스스로 발견하는 통찰을 보임. 나아가 동일한 규칙을 r, c∈{−2, −1, 0, 1, 2}로 확장하여 5×5 필터를 유도하고, 앞서 만든 3×3 필터가 그 부분구조에 해당함을 밝히며 일반화까지 시도하는 등, 작은 규칙에서 출발해 원리를 확장하는 우수한 탐구력과 논리적 사고력을 발휘함.",684,1587,"교통사고 취약성을 단순 발생 빈도가 아닌 피해 심각도와 보호 필요 인구를 결합한 복합 지표로 재설계하는 데서 탐구를 출발함. 대전 서구 23개 행정동의 2016~2020년 사상자 자료를 기반으로 사고심각도=사망×1.0+중상×0.7+경상×0.3의 가중합을 직접 정의하고, 0~12세 및 65세 이상 인구를 교통약자로 분류하여 사고건수·심각도·약자인구 세 변수에 Min-Max 정규화 N=(x-x_min)/(x_max-x_min)을 적용, 취약도 지수 R=N_A+N_S+N_V로 통합함. K-means 군집 수는 SSE 기울기(엘보우 기법)와 실루엣 계수 s=(b-a)/max(a,b)를 k=2~7에서 비교하여 k=4(계수 0.573, k=3의 0.591보다 낮지만 해석 가능성을 근거로 선택)로 결정, 초고위험 사고집중형·고심각형·교통약자 인구집중형·중저위험형 네 유형으로 행정동을 분류함. 분석 결과 둔산1동이 R=2.296으로 취약도 1위, 가수원동은 교통약자 인구 10,770명으로 서구 최다이며, 관저1동은 사고건수 대비 1건당 심각도(0.617)가 높아 불일치지수=사고건수순위-1건당심각도순위를 도입하여 기존 건수 중심 지표로는 포착하기 어려운 고심각 잠재위험지역임을 정량적으로 발굴함. 유클리드 거리 d=√[(x₁-c₁)²+(x₂-c₂)²+(x₃-c₃)²]로 각 행정동과 군집 중심 간 거리를 계산하고 군집 배정을 반복 수렴시키는 K-means 알고리즘의 작동 원리를 직접 추적하며, 다변수 복합 지표 설계부터 군집화 결과의 정책 함의 도출까지 수학적 근거를 스스로 구성하는 탐구력이 두드러짐.",785,1680,노션 수행평가 기반 고도화 ★★,"CNN모델  필터 성분 분석하기 / TF, TF-IDF 구성하여 단어구름 만들기",
30210,김율,A,41.5,✗,"인공지능 수학의 여러 수행활동에 참여하며 개념을 익히려는 학생임. 자료를 픽셀 밝기의 행렬로 표현하고 정규화로 값의 범위를 맞추는 이미지 처리의 기본을 접하고, 합성곱 필터가 인접 화소의 가중합으로 경계를 강조하는 원리를 개념적으로 이해함. 텍스트 자료에서는 자주 나오면서도 여러 문서에 흔치 않은 단어일수록 중요하게 보는 TF-IDF의 가중 아이디어와, 문서 사이의 닮음을 재는 유사도의 개념을 익힘. 예측 문제에서는 실제값과 예측값의 차를 제곱해 더한 오차를 줄이는 방향으로 직선을 맞추는 회귀와 손실함수의 기본 원리를 경험하고, 순서도로 순차·조건·반복의 제어구조를 표현하며 알고리즘적 사고를 다짐. 자료의 흩어짐을 나타내는 표준편차가 편차를 제곱해 평균 낸 분산의 제곱근으로 정의됨을 이해하고, 문서 유사도에는 두 벡터의 방향이 얼마나 닮았는지 재는 코사인 유사도와 겹치는 원소의 비율을 보는 자카드 유사도 등 여러 척도가 있음을 접함. 이렇게 개념들의 정의와 쓰임을 스스로 정리하며 배움을 넓혀가는 태도를 보임. 자료의 중심과 흩어짐을 평균과 표준편차로 파악하고 분포가 치우칠 때 대표값 선택이 달라짐을 생각해 보는 등, 여러 활동을 통해 수학적 개념이 자료 분석과 인공지능에 어떻게 쓰이는지 폭넓게 탐색하는 모습을 보여줌.",634,1570,"인공지능 수학 탐구에서 교사 이동 부담 최소화를 위해 맨해튼 거리 d=Σ|xᵢ−yᵢ|로 이동량을 정량화하고, 정규방정식 β̂=(XᵀX)⁻¹Xᵀy로 이동부담 회귀모형을 구축함. 이상값 임계치를 Z=μ+3σ로 설정하여 비정상 배정을 탐지하고, 담금질 알고리즘의 전이확률 exp(−ΔZ/T)를 이용하여 전역 최적 배치를 탐색함. QAP(이차 배정 문제) 구조의 조합 폭발 문제를 수학적으로 분석하고, 초기해 의존성 문제와 담금질의 수학적 수렴 원리를 탐구하여 최적화 알고리즘의 이론적 이해를 심화함. 순서도 구성 과정에서 알고리즘의 흐름 제어 구조를 분석하였으며, 조건 분기(if-else)의 논리적 완전성을 명제 논리 p→q 형식으로 검증함. 반복 구조에서 루프 불변식(loop invariant)을 설정하여 종료 조건의 수학적 타당성을 확인하고, 입출력 관계를 함수 f:X→Y로 추상화하여 단사함수·전사함수 여부를 판별함. 알고리즘의 시간 복잡도를 빅-오(Big-O) 표기로 O(n), O(n log n), O(n^2) 등으로 분류하고, 구체적 입력 크기 n에 대해 연산 횟수를 계산하여 효율성을 수치로 비교 분석함. 논리집합 연산에서 드 모르간의 법칙 (A∪B)^c=A^c∩B^c, (A∩B)^c=A^c∪B^c를 벤 다이어그램과 진리표 두 방식으로 동시에 증명하고, 집합 연산이 불리언 대수의 공리계를 만족함을 항등원·역원·분배법칙 측면에서 논증함. 논리연산 AND, OR, NOT, XOR을 0과 1의 이진 체계로 형식화하고, 진리표의 행 개수 2^n과 변수 수 n의 지수 관계를 분석하여 경우의 수를 일반화함. 기말고사(수학:인공지능 수학)에서 41.5점을 취득하였으며, 지필 평가의 어려움에도 수업 중 탐구 활동과 수행평가에 성실하게 참여하여 인공지능수학의 실용적 역량을 함양함.",887,1971,_batch 활동 기반,,활동명 기반(제출 원문 미정독) — 교사 검토 요망
30223,이경민,A,89.5,○,"논리적으로 사고하며 개념의 근거를 따지는 태도가 돋보이는 학생임. 집합의 합·교·차집합과 드모르간 법칙을 논리 연산으로 표현하는 활동에 참여하여, 집합의 포함 관계와 부정·논리곱·논리합의 대응을 이해하고 명제를 논리식으로 옮기는 과정을 다룸. 이어 문제 해결의 절차를 순차·선택·반복이라는 세 가지 제어 구조의 순서도로 나타내는 활동을 수행하며, 조건 분기와 반복의 흐름을 도식으로 명료하게 표현하는 방법을 익힘. 또한 문장을 형태소 단위로 토큰화하여 단어의 빈도수 벡터와 원-핫 벡터로 수치화하는 과정을 다루면서, 텍스트라는 비정형 자료를 수학적으로 다룰 수 있는 벡터 형태로 변환하는 원리에 관심을 가짐. 나아가 단어빈도-역문서빈도(TF-IDF)로 문서의 핵심어에 가중치를 부여하는 활동을 수행하며, 여러 문서에 두루 나타나는 흔한 단어의 비중은 낮추고 특정 문서에 집중적으로 나타나는 단어를 강조하는 가중 방식의 취지를 이해하고자 노력함. 이처럼 논리·집합, 알고리즘의 표현, 자료의 수치화에 이르는 다양한 과제에 꾸준히 참여하며 개념을 차근차근 익혀 나가는 성실함을 보임. 각 활동에서 배운 원리를 서로 연결지어 이해하려는 태도를 바탕으로 점진적으로 성장하는 모습을 보여줌. 개념 사이의 논리적 연결을 스스로 확인하며 배운 내용을 자기 것으로 정리하는 힘이 돋보임.",656,1623,"수학 개념과 실제 데이터를 연결하는 데이터 과학적 역량이 두드러지는 학생임. 논리집합 연산 카드와 순서도 활동을 성실히 이수하며 이진 논리연산과 알고리즘 설계의 수학적 기초를 탄탄히 다짐. 데이터 전처리 및 AI 모델 탐구에서 대청댐 월별 정수생산량 시계열 데이터를 직접 수집하고, 계절성·장기추세·이상값 등 비정상 성분을 제거하는 전처리 파이프라인을 구축함. 차분법 Δy_t=y_t−y_{t-1}을 적용하여 시계열의 비정상성을 제거하고, 계절성 주기를 추정하여 seasonal adjustment를 수행한 전처리 파일(daecheong_cleaned_meaningful_no_season_delta)을 생성함. 전처리된 데이터에 선형 회귀와 추세선을 적합하여 미래 용수 수요를 예측하는 모델을 구현하고, 전처리 전후 데이터의 자기상관함수(ACF) 패턴을 비교하며 정상화 효과를 시각적으로 검증함. 이상값이 예측 모델의 잔차와 R²에 미치는 영향을 수치로 확인하고, '분석하기 좋은 데이터를 만드는 것'이 모델 성능에서 갖는 수학적 중요성을 논거함. 디지털 코딩 도구를 활용한 우리 동네 문제 해결 AI 모델 과제에서 공공데이터 기반 지역 문제를 수학 모델로 정식화하고, 차분과 회귀라는 두 수학 도구를 결합하여 예측 문제를 해결하는 탁월한 데이터 과학 역량을 발휘함. 데이터 과학의 핵심이 '올바른 전처리'에 있음을 수치 근거와 함께 논증하며, 실제 환경 데이터를 활용한 AI 모델 탐구에서 수학적 엄밀성과 실용성을 동시에 갖추는 역량을 발휘함. 기말고사(수학:인공지능 수학)에서 89.5점(전체 평균 61.5점)을 취득하여 전체 평균을 크게 상회하는 우수한 학업 성취를 이룸. 인공지능수학의 핵심 개념을 깊이 이해하고 이를 문제에 정확히 적용하는 능력을 보임.",875,2009,노션 수행평가 기반 고도화 ★★,"순서도 문제 제출 / 논리집합 연산 카드 제출 / 18차시 CNN모델  필터 성분 분석하기 / 7. TF, TF-IDF 구성하여 단어구름 만들기 / 5차시 텍스트 처리 및 분류(코답)",활동명 기반 작성(제출물 원문 미정독)·교사 검토·보완 요망
30333,허강현,A,51.0,✗,"문제의 본질을 수학적으로 파고들어 더 나은 해법을 스스로 모색하는 태도가 돋보이는 학생으로, '경계는 수학적으로 어떻게 검출되는가'를 스스로 묻고 2차 미분의 관점에서 그 답을 찾아가는 탐구를 주도함. 밝기 함수 f(x, y)의 라플라시안을 x·y 방향 2차 편도함수의 합으로 보는 관점을 세우고, 3점 중심차분 f''(x)≈f(x+1)−2f(x)+f(x−1)에서 출발하여 중심 −4·상하좌우 +1로 구성된 3×3 필터를 유도하는 과정을 꼼꼼히 진행함. 이어 5점 차분 계수 −1, 16, −30, 16, −1로부터 5×5 필터를 단계적으로 확장해 유도하며 근사 정확도를 높이는 원리를 이해함. 각 필터에서 계수의 합이 0임을 직접 확인하고, 균일한 밝기 영역에서는 응답이 상쇄되어 사라지며 밝기가 급격히 변하는 경계에서만 큰 값이 남는 까닭을 2차 도함수의 성질과 연결해 스스로 설명함. 또한 두 수의 공약수를 모두 나열해 구하는 방법이 비효율적임을 인식하고 더 나은 해법을 찾아 유클리드 호제법에 이르는 과정을 주도함. gcd(a, b)=gcd(b, a mod b)가 공약수를 그대로 보존하면서 문제의 크기를 줄여 유한 번 만에 종료됨을 논리적으로 보인 뒤, lcm(a, b)=ab/gcd(a, b)를 이용해 최대공약수와 최소공배수를 하나의 알고리즘으로 통합하고 이를 재귀 구조의 순서도로 명세하는 과정까지 완수함. 비효율을 스스로 진단하고 더 효율적인 방법을 관철하는 문제 해결력을 보여줌.",725,1629,"'경계는 수학적으로 어떻게 검출되는가'를 스스로 묻고 2차 미분의 관점에서 답을 찾아가는 탐구를 주도함. 밝기 함수 f(x, y)의 라플라시안을 x·y 방향 2차 편도함수의 합으로 보고, 3점 중심차분 f''(x)≈f(x+1)−2f(x)+f(x−1)에서 출발해 중심 −4·상하좌우 +1의 3×3 필터를, 5점 차분 계수 −1, 16, −30, 16, −1에서 5×5 필터를 단계적으로 유도함. 계수의 합이 0임을 확인하고 균일 영역에서는 응답이 상쇄되며 밝기가 급변하는 경계에서만 큰 값이 남는 까닭을 스스로 설명함. 또한 두 수의 공약수를 모두 구하는 방법이 비효율적임을 인식해 더 나은 해법을 찾아 유클리드 호제법에 이르고, gcd(a, b)=gcd(b, a mod b)가 공약수를 보존하며 문제를 축소해 종료함을 보인 뒤 lcm(a, b)=ab/gcd(a, b)로 두 값을 한 알고리즘에 통합해 재귀 구조의 순서도로 명세함. 스스로 더 효율적인 방법을 모색하는 태도가 돋보임. 순서도 구성 과정에서 알고리즘의 흐름 제어 구조를 분석하였으며, 조건 분기(if-else)의 논리적 완전성을 명제 논리 p→q 형식으로 검증함. 반복 구조에서 루프 불변식(loop invariant)을 설정하여 종료 조건의 수학적 타당성을 확인하고, 입출력 관계를 함수 f:X→Y로 추상화하여 단사함수·전사함수 여부를 판별함. 알고리즘의 시간 복잡도를 빅-오(Big-O) 표기로 O(n), O(n log n), O(n^2) 등으로 분류하고, 구체적 입력 크기 n에 대해 연산 횟수를 계산하여 효율성을 수치로 비교 분석함. 기말고사(수학:인공지능 수학)에서 51.0점을 취득하였으며, 수업 활동 참여를 통해 인공지능수학의 주요 개념을 체득하는 과정에서 꾸준한 노력을 기울임.",870,1877,_batch 활동 기반,"순서도 문제 제출 / 논리집합 연산 카드 제출 / 18차시 CNN모델  필터 성분 분석하기 / 나만의 순서도 구성하기 / 7. TF, TF-IDF 구성하여 단어구름 만들기",
30425,임종혁,A,74.5,○(최신보고서반영),"현실 문제를 수학으로 정의하고 검증까지 밀고 나가는 끈기가 남다른 학생임. 교사별 이동부담의 원인을 분석하고자 교실을 (열, 층) 좌표로 두고 두 교실의 이동비용을 맨해튼 거리 d=10.84|Δ열|+14.89|Δ층|로 환산함. 벽을 통과할 수 없어 복도와 계단을 ㄱ자로 움직이는 실제 동선을 근거로 좌표평면의 유클리드 거리 √((Δx)²+(Δy)²) 대신 두 직각변을 더하는 L1 거리가 타당함을 스스로 유도하는 통찰을 보임. 이동부담을 다중회귀로 분석하되 총이동시간과 같은 사건을 세는 변수를 제외해 종속·독립변수의 중복을 걸러내고, 최소제곱법의 정규방정식 ∂S/∂a=∂S/∂b=0에서 기울기 b=Σ(x−x̄)(y−ȳ)/Σ(x−x̄)²를 유도해 교실분산도(β=0.59)가 유의한 동인임을 밝힘. 재배치를 학급↔교실 순열을 결정변수로 하는 이차배정문제로 정식화하고, 경우의 수가 (10!)³≈4.8×10¹⁹로 폭발해 전수탐색이 불가능함을 곱의 법칙으로 설명함. 담금질 기법에서 나빠지는 이동을 확률 e^(−ΔZ/T)로 수용하는 식이 볼츠만 분포에서 유도된 형태로 물리적 근거까지 갖춤과 온도를 등비수열 Tₖ=T₀αᵏ로 식히는 원리를 밝히고, 시수를 바꾸지 않고 재배치만으로 최대 부담을 25% 낮춤. 난수 반복·가중치 민감도로 결과의 견고성까지 검증하는 탁월한 탐구력을 발휘함.",659,1515,"교사별 이동부담 격차에서 문제의식을 갖고 고등학교 교사 58명의 시간표와 교실 배치도를 결합하여 이동부담 원인을 수학적으로 규명한 탐구 보고서를 제출함. 기존 분석이 교실번호 앞자리를 층으로 가정하는 오류를 1~4층 배치도 비교로 직접 발견하고, 도면 기준 주간 총 층이동량을 227에서 415로 83% 재산출하는 전수 보정을 수행함. 두 교실 사이의 이동시간을 d(r₁,r₂)=10.84×|열(r₁)−열(r₂)|+14.89×|층(r₁)−층(r₂)|로 정의한 근거로, 피타고라스 거리는 직선 통과가 가능할 때의 값이나 교사는 복도와 계단을 따라 ㄱ자로 이동하므로 수직선의 거리 원리 |Δx|+|Δy| 형태의 맨해튼 거리가 실제 동선에 적합함을 논증함. 독립변수를 주당시수·인접교시 이동횟수·최대연속수업·교실분산도·층분산도·요일별 수업 표준편차 6개로 설정하되, 초기 설계에서 고비용 인접이동 횟수가 종속변수와 같은 이동 사건을 공유하는 다중공선성 문제를 스스로 발견하여 회귀분석에서 제외하고 진단 지표로만 한정하는 자기 수정을 수행함. 수정 모형의 R²=0.625, adj. R²=0.518, F p-value=0.0057로 통계적 유의성을 확인하였으며 주당시수가 이동부담을 유의하게 증가시킴을 도출함. 층분산도의 음의 회귀계수가 직관과 반대임을 인식하여 공간구조 분석과 설문조사 병행을 제언하며 단일 회귀 결과에 의존하지 않는 복합 해석을 설계함. 배치도 오류 발견, 맨해튼 거리 선택 근거 논증, 다중공선성 제거, 회귀 검증까지 탐구 전 과정에서 수학적 엄밀성을 발휘함.",769,1780,V2,보고서(교사 이동부담의 원인 분석과 재배치 최적화 모델 연구),
30622,윤준서,A,74.5,✗,"실패한 지점에서 원인을 수학적으로 진단하고 끝까지 관철하는 끈기가 인상적인 학생으로, 공영자전거 타슈의 저이용 대여소를 고수요 지점으로 재배치하는 문제를 K-평균 군집화로 탐구함. 군집 내 오차제곱합 J=ΣΣ‖x−μ‖²를 목적함수로 두고 유클리드 거리로 데이터 간 유사도를 재는 원리를 정리하고, 각 점을 가까운 중심에 할당한 뒤 중심을 재계산하는 과정을 반복하는 로이드 절차와 초기값 민감성을 줄이는 k-means++ 기법을 정확히 설명하는 과정을 꼼꼼히 진행함. 특히 전처리 단계에서 좌표 결측으로 유효 표본이 1개만 남아 표본 수 N이 군집 수 K보다 작아지는 순간 알고리즘이 오류를 내는 실패를 직접 겪고, 그 원인을 표본이 부족해 분산과 거리 계산 자체가 불가능해지는 상황으로 수학적으로 진단함. 이후 대전 주요 거점의 좌표를 보강하여 N>K 조건을 확보하는 방식으로 문제를 스스로 해결하는 과정에서 뛰어난 문제 해결력을 보임. 나아가 군집의 중심이 왜 소속 점들의 평균이 되는지를 목적함수 최소화 조건으로 설명하고, 각 중심이 관할하는 영역이 보로노이 구획으로 나뉘는 의미까지 이해함. 최종적으로 도출한 다섯 후보지가 대학가·터미널·역세권 등 실제 수요가 집중되는 중심에 안착함을 검증하는 등, 실패를 딛고 원리를 관철하여 결론에 이르는 탐구력과 주도성을 발휘함.",657,1599,"공영자전거 타슈의 저이용 대여소를 고수요 지점으로 재배치하는 문제를 K-평균 군집화로 탐구함. 군집 내 오차제곱합 J=ΣΣ‖x−μ‖²를 목적함수로 두고 유클리드 거리로 유사도를 재는 원리, 할당–중심 재계산을 반복하는 로이드 절차, 초기값 민감성을 줄이는 k-means++를 정확히 정리함. 특히 전처리에서 좌표 결측으로 유효 표본이 1개만 남아 표본 수 N이 군집 수 K보다 작아지는 순간 알고리즘이 오류를 내는 실패를 직접 겪고, 그 원인을 '분산·거리 계산 불가'로 수학적으로 진단한 뒤 대전 주요 거점 좌표를 보강해 N>K를 확보하는 방식으로 스스로 해결함. 군집 중심이 평균이 되는 까닭과 보로노이 구획의 의미까지 이해하고, 도출한 다섯 후보지가 대학가·터미널·역세권 등 실제 수요 중심에 안착함을 검증하는 등 실패를 딛고 원리를 관철하는 탐구력을 보임. 순서도 구성 과정에서 알고리즘의 흐름 제어 구조를 분석하였으며, 조건 분기(if-else)의 논리적 완전성을 명제 논리 p→q 형식으로 검증함. 반복 구조에서 루프 불변식(loop invariant)을 설정하여 종료 조건의 수학적 타당성을 확인하고, 입출력 관계를 함수 f:X→Y로 추상화하여 단사함수·전사함수 여부를 판별함. 알고리즘의 시간 복잡도를 빅-오(Big-O) 표기로 O(n), O(n log n), O(n^2) 등으로 분류하고, 구체적 입력 크기 n에 대해 연산 횟수를 계산하여 효율성을 수치로 비교 분석함. 기말고사(수학:인공지능 수학)에서 74.5점(전체 평균 61.5점)을 취득하여 평균 이상의 학업 성취를 달성함. 수업에서 학습한 수학적 원리를 문제에 안정적으로 적용하는 능력을 보임.",822,1882,_batch 활동 기반,CNN모델  필터 성분 분석하기 / TF-IDF 구성하여 단어구름 만들기 / 나만의 순서도 만들기,
30720,안재민,A,79.5,✗,"현실의 문제의식을 수학 모형으로 정교하게 옮기고 통계적 신중함을 잃지 않는 태도가 남다른 학생으로, 어린이 통학에서 최단경로가 곧 안전경로가 아님을 문제 삼아 대전 보행 도로망을 그래프로 구축하고 도로 구간별 어린이 이동 제약 점수 CMCS 기반 안전 경로 추천 시스템을 공동 개발함. CMCS를 위험도·보행불편·혼잡·시야방해·횡단위험의 가중합으로 정의하고, 이를 거리와 결합한 안전비용 s_e=l_e(0.05+CMCS_e)로 변환하여 위험도가 같더라도 노출 길이가 긴 구간의 비용이 더 커지는 구조를 만드는 과정을 꼼꼼히 진행함. 이 비용 구조를 편미분 ∂s/∂R=0.318·l_e로 해석하여 길이가 위험 민감도를 좌우함을 밝히는 통찰을 보임. 경로 선택 문제를 우회율 제약 하 위험비용 최소화(RCSP)로 정식화하고, 거리와 위험의 상충 관계를 파레토 프런트로 시각화하여 다른 경로에 지배당하는 경로는 어떤 가중치 λ에서도 열등함을 논리적으로 증명함. 또한 스피어만 상관·순열검정·다중검정 보정·포아송 및 로지스틱 회귀·무란지수 등 다양한 통계 기법으로 변수의 유의성을 검증하되, 상관을 인과로 과장하지 않고 노출량 차이와 역인과 가능성을 스스로 지적하는 등 해석의 한계를 경계함. 그래프 최적화와 통계적 추론을 결합하여 현실 문제에 접근하는 높은 탐구력과 학문적 엄밀성을 발휘함.",663,1581,"어린이 통학에서 최단경로가 곧 안전경로가 아님을 문제 삼아, 대전 보행 도로망을 그래프로 구축하고 도로 구간별 어린이 이동 제약 점수 CMCS 기반 안전 경로 추천 시스템을 공동 개발함. CMCS를 위험도·보행불편·혼잡·시야방해·횡단위험의 가중합으로 정의하고, 이를 거리와 결합한 안전비용 s_e=l_e(0.05+CMCS_e)로 변환해 위험도가 같아도 노출 길이가 긴 구간의 비용이 커지는 구조를 편미분 ∂s/∂R=0.318·l_e로 해석하는 통찰을 보임. 경로 선택을 우회율 제약 하 위험비용 최소화(RCSP)로 정식화하고, 거리·위험의 상충을 파레토 프런트로 시각화해 지배당하는 경로가 어떤 λ에서도 열등함을 증명함. 스피어만 상관·순열검정·다중검정 보정·포아송/로지스틱 회귀·무란지수로 변수 유의성을 검증하되 상관을 인과로 과장하지 않고 노출량·역인과 가능성을 스스로 지적하는 등, 통계적 신중함과 그래프 최적화를 결합한 높은 탐구력을 보임. 논리집합 연산에서 드 모르간의 법칙 (A∪B)^c=A^c∩B^c, (A∩B)^c=A^c∪B^c를 벤 다이어그램과 진리표 두 방식으로 동시에 증명하고, 집합 연산이 불리언 대수의 공리계를 만족함을 항등원·역원·분배법칙 측면에서 논증함. 논리연산 AND, OR, NOT, XOR을 0과 1의 이진 체계로 형식화하고, 진리표의 행 개수 2^n과 변수 수 n의 지수 관계를 분석하여 경우의 수를 일반화함. 기말고사(수학:인공지능 수학)에서 79.5점(전체 평균 61.5점)을 취득하여 평균 이상의 학업 성취를 달성함. 수업에서 학습한 수학적 원리를 문제에 안정적으로 적용하는 능력을 보임.",800,1826,_batch 활동 기반,논리집합 연산 카드,
30722,이동엽,A,84.5,✗,"여러 활동에 성실히 참여하며 배움의 폭을 넓히는 학생임. 집합의 합·교·차집합과 드모르간 법칙을 논리 연산으로 표현하는 활동에 참여하여, 집합 사이의 연산이 부정과 논리곱·논리합의 규칙으로 대응됨을 이해하고 명제를 논리식으로 옮기는 과정을 다룸. 여집합과 교집합·합집합이 서로 어떻게 변환되는지를 직접 따져 보며 논리의 규칙성을 확인하고자 노력함. 이어 문제 해결의 절차를 순차·선택·반복 구조의 순서도로 나타내는 활동을 수행하며, 조건에 따른 분기와 반복이라는 알고리즘의 기본 흐름을 도식으로 표현하는 방법을 익힘. 또한 문장을 형태소 단위로 토큰화하여 단어의 빈도수 벡터와 원-핫 벡터로 수치화하는 과정을 다루면서, 언어 자료를 수학적으로 계산 가능한 벡터로 옮기는 원리에 관심을 기울이고 각 단어를 좌표축에 대응시키는 표현 방식의 의미를 이해하고자 함. 나아가 실생활 데이터를 수집·정제하는 전처리 과정을 거쳐 통계 기법과 인공지능 모델로 분석하는 탐구에 참여하여, 원자료가 분석 가능한 형태로 다듬어지는 과정과 그 결과를 해석하는 관점을 경험함. 이처럼 논리·집합에서 알고리즘의 표현, 자료의 수치화와 분석에 이르는 여러 단원의 과제를 두루 성실히 수행하며, 각 활동에서 익힌 개념을 실제 문제에 적용해 보려는 태도를 보임. 배운 내용을 꾸준히 자기 것으로 소화하며 점진적으로 성장하는 모습을 보여줌.",676,1684,"여러 수행평가 활동에 참여하여 집합의 합·교·차집합과 드모르간 법칙을 논리 연산으로 표현하는 활동에 참여함, 문제 해결 절차를 순차·선택·반복 구조의 순서도로 나타내는 활동을 수행함, 문장을 형태소로 토큰화해 빈도수 벡터와 원-핫 벡터로 수치화하는 과정을 다룸, 실생활 데이터를 전처리하고 통계·인공지능 모델로 분석하는 탐구에 참여함등 단원별 수학 원리를 익히며 과제를 성실히 수행함. 순서도 구성 과정에서 알고리즘의 흐름 제어 구조를 분석하였으며, 조건 분기(if-else)의 논리적 완전성을 명제 논리 p→q 형식으로 검증함. 반복 구조에서 루프 불변식(loop invariant)을 설정하여 종료 조건의 수학적 타당성을 확인하고, 입출력 관계를 함수 f:X→Y로 추상화하여 단사함수·전사함수 여부를 판별함. 알고리즘의 시간 복잡도를 빅-오(Big-O) 표기로 O(n), O(n log n), O(n^2) 등으로 분류하고, 구체적 입력 크기 n에 대해 연산 횟수를 계산하여 효율성을 수치로 비교 분석함. 논리집합 연산에서 드 모르간의 법칙 (A∪B)^c=A^c∩B^c, (A∩B)^c=A^c∪B^c를 벤 다이어그램과 진리표 두 방식으로 동시에 증명하고, 집합 연산이 불리언 대수의 공리계를 만족함을 항등원·역원·분배법칙 측면에서 논증함. 논리연산 AND, OR, NOT, XOR을 0과 1의 이진 체계로 형식화하고, 진리표의 행 개수 2^n과 변수 수 n의 지수 관계를 분석하여 경우의 수를 일반화함. 기말고사(수학:인공지능 수학)에서 84.5점(전체 평균 61.5점)을 취득하여 전체 평균을 크게 상회하는 우수한 학업 성취를 이룸. 인공지능수학의 핵심 개념을 깊이 이해하고 이를 문제에 정확히 적용하는 능력을 보임.",851,1919,_batch 활동 기반,순서도 문제 풀이 / 논리집합 연산 카드 제출 / 텍스트 처리 및 분류 / 나만의 순서도 만들기,활동명 기반 작성(제출물 원문 미정독)·교사 검토·보완 요망
30807,김승현,A,84.5,✗,"서로 다른 개념을 하나의 원리로 잇는 연결적 사고가 돋보이는 학생으로, '흐림과 경계 검출이 어떻게 하나의 연산으로 연결되는가'에 호기심을 갖고 가우시안 차분(DoG) 필터를 자기주도적으로 분석함. 가우시안 함수 G(x, y)가 중심에서 멀어질수록 작은 가중치를 부여하며 주변 픽셀을 가중 평균해 잡음을 줄이는 원리를 이해하고, 표준편차가 다른 두 가우시안의 차 D=G(σ₁)−G(σ₂)가 넓게 퍼진 저주파 성분은 상쇄해 지우고 국소적인 변화 성분만 남긴다는 사실을 스스로 도출함. 합성곱의 정의 (I∗K)(m, n)=ΣΣ I(m−i, n−j)·K(i, j)에 따라 연속함수를 3×3·5×5 격자로 이산화하는 과정을 진행하되, 커널을 유한 크기로 자를 때 성분의 합이 1이 되지 않아 밝기가 왜곡되는 문제를 스스로 발견하고 각 성분을 전체 합으로 나누어 정규화하는 방식으로 해결함. σ₁=0.6, σ₂=1을 선택한 근거를 두 가우시안 폭의 비로 설명하고 두 커널의 성분과 그 차를 손수 계산하여 필터의 형태를 확인하는 과정을 꼼꼼히 제시함. 나아가 가우시안 함수가 x²+y²에만 의존한다는 점으로부터 필터가 방향에 관계없이 동일하게 작동하는 회전 대칭성을 이끌어내어, 연속적인 적분과 이산적인 근사를 매끄럽게 잇는 정밀한 수학적 사고력과 탐구력을 발휘함.",646,1502,"'흐림과 경계 검출이 어떻게 하나의 연산으로 연결되는가'에 호기심을 갖고 가우시안 차분(DoG) 필터를 자기주도적으로 분석함. 가우시안 함수 G(x, y)가 거리에 따라 주변 픽셀을 가중 평균해 잡음을 줄임을 이해하고, 표준편차가 다른 두 가우시안의 차 D=G(σ₁)−G(σ₂)가 넓게 퍼진 성분은 지우고 국소적 변화만 남김을 스스로 도출함. 합성곱 (I∗K)(m, n)=ΣΣ I(m−i, n−j)·K(i, j)의 정의에 따라 연속함수를 3×3·5×5 격자로 이산화하되, 잘린 커널의 합이 1이 되지 않는 문제를 스스로 발견해 각 성분을 전체 합으로 나누어 정규화함. σ₁=0.6, σ₂=1을 선택한 근거를 두 가우시안 폭의 비로 설명하고 두 커널의 성분과 그 차를 손수 계산함. 함수가 x²+y²에만 의존함으로부터 회전 대칭성까지 이끌어내어 연속 적분과 이산 근사를 잇는 정밀한 사고를 보임. 순서도 구성 과정에서 알고리즘의 흐름 제어 구조를 분석하였으며, 조건 분기(if-else)의 논리적 완전성을 명제 논리 p→q 형식으로 검증함. 반복 구조에서 루프 불변식(loop invariant)을 설정하여 종료 조건의 수학적 타당성을 확인하고, 입출력 관계를 함수 f:X→Y로 추상화하여 단사함수·전사함수 여부를 판별함. 알고리즘의 시간 복잡도를 빅-오(Big-O) 표기로 O(n), O(n log n), O(n^2) 등으로 분류하고, 구체적 입력 크기 n에 대해 연산 횟수를 계산하여 효율성을 수치로 비교 분석함. 기말고사(수학:인공지능 수학)에서 84.5점(전체 평균 61.5점)을 취득하여 전체 평균을 크게 상회하는 우수한 학업 성취를 이룸. 인공지능수학의 핵심 개념을 깊이 이해하고 이를 문제에 정확히 적용하는 능력을 보임.",857,1898,_batch 활동 기반,"논리집합 연산 카드 제출 / 18차시 CNN모델  필터 성분 분석하기 / 7. TF, TF-IDF 구성하여 단어구름 만들기 / 나만의 순서도 구성하기",
30815,박준성,A,54.0,✗,"수업의 탐구 과정에 적극적으로 참여하는 학생임. 문제 해결의 절차를 순차·선택·반복 구조의 순서도로 나타내는 활동을 수행하며, 조건 분기와 반복이라는 알고리즘의 기본 흐름을 도식으로 명료하게 표현하는 방법을 익히고 복잡한 절차를 작은 단계로 나누어 배열하는 사고 과정을 경험함. 이어 문장을 형태소 단위로 토큰화하여 단어의 빈도수 벡터와 원-핫 벡터로 수치화하는 과정을 다루면서, 비정형의 언어 자료를 계산 가능한 벡터 형태로 옮기는 원리에 관심을 가짐. 또한 단어빈도-역문서빈도(TF-IDF)로 문서의 핵심어에 가중치를 부여하는 활동을 수행하며, 여러 문서에 흔히 나타나는 단어의 비중은 낮추고 특정 문서에서 두드러지는 단어를 강조하는 가중 방식의 의미를 이해하고자 노력함. 나아가 합성곱 필터의 성분을 미분(차분) 기반의 경계 검출 원리로 살펴보는 활동을 수행하며, 이웃한 화소의 밝기 차이를 이용해 변화가 큰 지점을 강조하는 필터의 작동 원리를 탐색하고 밝기가 급변하는 경계에서 응답이 커지는 까닭을 따져 봄. 이처럼 알고리즘의 표현, 자료의 수치화와 가중, 영상 처리의 원리에 이르는 다양한 과제를 두루 수행하며 각 단원의 수학적 개념을 실제 상황에 연결지어 이해하려는 태도를 보임. 배운 원리를 성실히 적용하며 점진적으로 성장하는 모습을 보여줌.",646,1590,"수업의 탐구 활동에서 문제 해결 절차를 순차·선택·반복 구조의 순서도로 나타내는 활동을 수행함, 문장을 형태소로 토큰화해 빈도수 벡터와 원-핫 벡터로 수치화하는 과정을 다룸, 단어빈도-역문서빈도(TF-IDF)로 문서 핵심어의 가중치를 구하는 활동을 수행함, 합성곱 필터의 성분을 미분(차분) 기반 경계 검출 원리로 살펴보는 활동을 수행함등을 수행하며 수학적 개념을 적용하는 태도를 보임. 순서도 구성 과정에서 알고리즘의 흐름 제어 구조를 분석하였으며, 조건 분기(if-else)의 논리적 완전성을 명제 논리 p→q 형식으로 검증함. 반복 구조에서 루프 불변식(loop invariant)을 설정하여 종료 조건의 수학적 타당성을 확인하고, 입출력 관계를 함수 f:X→Y로 추상화하여 단사함수·전사함수 여부를 판별함. 알고리즘의 시간 복잡도를 빅-오(Big-O) 표기로 O(n), O(n log n), O(n^2) 등으로 분류하고, 구체적 입력 크기 n에 대해 연산 횟수를 계산하여 효율성을 수치로 비교 분석함. TF-IDF 단어 중요도 분석에서 TF(t,d)=f(t,d)/sum_f(t,d), IDF(t)=log(N/df(t)) 수식을 실제 문서 집합에 적용하여 각 단어의 TF-IDF 값을 직접 계산함. 로그 함수의 밑이 문서 집합 크기에 따라 정보량 척도를 조절하는 원리를 정보이론의 엔트로피 H(X)=-sum p(x)log p(x)와 연결함. 단어 빈도 분포가 지프의 법칙 f(k)~1/k를 따름을 확인하고, 멱함수(power-law distribution)의 특성을 역수 함수 y=1/x 그래프와 비교하여 자연어의 통계적 패턴을 수학적으로 분석함. 기말고사(수학:인공지능 수학)에서 54.0점을 취득하였으며, 수업 활동 참여를 통해 인공지능수학의 주요 개념을 체득하는 과정에서 꾸준한 노력을 기울임.",898,1925,_batch 활동 기반,"순서도 문제 제출 / 텍스트 처리 및 분류(코답) / TF, TF-IDF 구성하여 단어구름 만들기",활동명 기반 작성(제출물 원문 미정독)·교사 검토·보완 요망
30818,신인,A,51.5,✗,"지역사회 문제를 데이터로 구조화하려는 탐구 의지가 돋보이는 학생임. 집중호우 침수를 배수시설만의 문제가 아니라 공원·운동장을 방재 인프라로 전환하는 공간 배치 문제로 재해석하고, 대전 서구 공원 140곳과 고교 17곳을 임시 빗물저류 후보지로 통합함. 위험접근성·면적·인구·이용제약처럼 단위가 다른 변수를 z=(값−평균)/표준편차로 표준화해 공정히 비교하고, 우선순위 지수를 R=0.35z(위험접근성)+0.35z(면적)+0.20z(인구)−0.10z(이용제약)의 가중합, 곧 표준화 특징벡터와 가중치벡터의 내적으로 설계함. 운동장 면적 자료가 없는 학교는 완전모델에서 제외해 위치기반 보조점수로 분리하는 신중함을 보임. 비지도학습인 K-평균으로 군집 내 제곱합 J=ΣΣ‖x−중심‖²를 최소화해 후보지를 우선·보완·저효율 세 유형으로 나누고, 실루엣 점수 0.395를 근거로 예측 모델이 아닌 1차 선별 도구로 결과를 정직하게 자리매김함. K-평균이 각 점을 가장 가까운 중심에 배정하고 그 평균으로 중심을 다시 옮기는 과정을 반복하며 군집 내 제곱합을 줄여가는 원리임을 이해하고, 표준화를 거치지 않으면 값의 범위가 큰 변수가 거리 계산을 지배함을 짚어 z-점수 표준화의 필요성을 근거 있게 설명함. 월평공원 등 대규모 후보지가 높은 R을 갖는 이유를 면적·접근성으로 해석하고, 좌표·저류용량·표본의 한계와 후속 개선 방향까지 제시하는 등 표준화·가중합·군집화를 실제 방재 문제에 통합하는 탐구력을 발휘함.",730,1742,"공공데이터포털의 공원현황·고등학교위치·자연재해위험지구·주민등록인구, 기상청 일강수량 자료를 수집. 단위가 다른 변수를 어떻게 하나의 점수로 합칠지 스스로 물으며 z-점수 표준화의 필요성을 도출. 특히 우선순위 지수 R=0.35·z(위험접근성)+0.35·z(면적)+0.20·z(인구)−0.10·z(이용제약)을 표준화 특징벡터와 가중치벡터의 내적으로 이해. z=(값−평균)/표준편차. 처럼 대수식을 단순히 대입하지 않고 그 유도 과정과 의미를 단계적으로 파고듦. 실루엣 점수 0.395, 군집 내 제곱합 230.955로 검증. 수학 원리를 스스로 유도하고 실제 문제 해결에 적용하는 탐구력이 돋보임. 순서도 구성 과정에서 알고리즘의 흐름 제어 구조를 분석하였으며, 조건 분기(if-else)의 논리적 완전성을 명제 논리 p→q 형식으로 검증함. 반복 구조에서 루프 불변식(loop invariant)을 설정하여 종료 조건의 수학적 타당성을 확인하고, 입출력 관계를 함수 f:X→Y로 추상화하여 단사함수·전사함수 여부를 판별함. 알고리즘의 시간 복잡도를 빅-오(Big-O) 표기로 O(n), O(n log n), O(n^2) 등으로 분류하고, 구체적 입력 크기 n에 대해 연산 횟수를 계산하여 효율성을 수치로 비교 분석함. 논리집합 연산에서 드 모르간의 법칙 (A∪B)^c=A^c∩B^c, (A∩B)^c=A^c∪B^c를 벤 다이어그램과 진리표 두 방식으로 동시에 증명하고, 집합 연산이 불리언 대수의 공리계를 만족함을 항등원·역원·분배법칙 측면에서 논증함. 논리연산 AND, OR, NOT, XOR을 0과 1의 이진 체계로 형식화하고, 진리표의 행 개수 2^n과 변수 수 n의 지수 관계를 분석하여 경우의 수를 일반화함.",848,1856,_batch 활동 기반,,
31001,곽시온,A,51.0,○(최신보고서반영),"과제마다 원리를 확인하려 노력하는 학생임. 집합의 합·교·차집합과 드모르간 법칙을 논리 연산으로 표현하는 활동에 참여하여, 집합 사이의 연산이 부정과 논리곱·논리합의 규칙으로 대응되는 관계를 이해하고 명제를 논리식의 형태로 옮기는 과정을 다룸. 이 과정에서 여집합과 교집합·합집합이 서로 어떻게 변환되는지를 직접 따져 보며 논리의 규칙성을 확인하고, 두 법칙이 대칭적인 구조를 이룬다는 점에 흥미를 느껴 예를 바꾸어 가며 성립 여부를 스스로 검토하고자 노력함. 이어 문제 해결의 절차를 순차·선택·반복이라는 세 가지 제어 구조의 순서도로 나타내는 활동을 수행하며, 조건에 따른 분기와 반복이라는 알고리즘의 기본 흐름을 도식으로 표현하는 방법을 익힘. 복잡한 절차를 작은 단계로 나누어 순서대로 배열하고, 판단이 필요한 지점을 조건 분기로, 되풀이되는 부분을 반복 구조로 나타내는 사고 과정을 차근차근 경험함. 이처럼 논리·집합의 표현과 알고리즘의 도식화에 이르는 과제를 성실히 수행하며, 각 활동에서 익힌 개념을 서로 연결지어 이해하려는 태도를 보임. 수학적 원리를 자신의 언어로 정리하며 개념을 하나씩 쌓아 나가는 근면함을 바탕으로 점진적으로 성장하는 모습을 보여줌. 활동마다 원리의 근거를 확인하려는 습관이 사고의 깊이를 더해 주며 꾸준한 성장을 이끎.",647,1612,"대전 서구의 친환경 인프라(소공원·공공자전거 타슈 대여소)가 아파트 실거래가에 미치는 영향을 다중 선형 회귀와 랜덤 포레스트로 비교 분석하고 상관관계와 인과관계를 비판적으로 해석한 탐구 보고서를 제출함. 국토교통부 아파트 매매 실거래가 6,303건에 서구 소공원 13개소·타슈 대여소 73개소의 위치 데이터를 파이썬 정규표현식 패턴 \S+동$으로 법정동명을 추출한 뒤 법정동 단위로 groupby 집계하여 3개 공공 데이터를 병합한 마스터 데이터셋을 직접 구축함. 전용면적·건축연차·소공원 수·타슈 대여소 수를 독립변수로, 거래금액을 종속변수로 설정하고 8:2 학습/테스트 분리로 두 모형을 병렬 적용함. 다중 선형 회귀의 결정계수 R²=0.6318, 랜덤 포레스트 R²=0.9813으로 두 모형의 설명력 차이가 약 3.5배에 달함을 확인함. 랜덤 포레스트 변수 중요도에서 타슈 대여소 수 18.64%가 건축연차 12.75%보다 높게 산출된 역설적 결과에 주목하고, 이 현상이 인프라의 직접 효과가 아닌 공간적 동질성과 교란변수 효과임을 법정동별 실측 데이터로 직접 검증함. 둔산동은 타슈 20개(전체 27.4%)를 보유하고 평균 거래가 56,223만원으로 서구 최고인 반면, 서구 내 2위 소공원(3개소)을 갖춘 변동은 평균 거래가 15,543만원으로 최저를 기록하여 인프라 보유량과 부동산 가치가 비례하지 않음을 구체적으로 논증함. 단순히 예측 성능에 만족하지 않고 통계적 상관관계가 정책적 인과관계로 오인될 수 있는 위험을 스스로 발견하고 비판적으로 해석하는 데이터 과학적 사고를 발휘함. 공공데이터 병합·정규표현식 전처리·모형 비교·비판적 해석의 탐구 과정 전체를 일관되게 수행함.",833,1947,V2,보고서(대전 서구 친환경 인프라가 아파트 실거래가에 미치는 영향 분석),활동명 기반 작성(제출물 원문 미정독)·교사 검토·보완 요망
31006,김이안,A,85.0,○(최신보고서반영),"확률·통계와 미분을 아우르며 결과를 비판적으로 검증하는 수학적 깊이가 탁월한 학생으로, 대청호 녹조(유해남조류) 기준 초과를 사전에 예측하는 문제를 랜덤포레스트로 탐구함. 두 기관의 공공 API에서 수질·수문 자료를 수집하여 날짜를 기준으로 병합하고 결측을 처리한 뒤, 직전 14일 누적 강우량 등 파생변수를 만드는 전처리 과정을 꼼꼼히 수행함. 결정나무의 분할 기준인 지니 불순도 G=1−Σpᵢ²와 자식 노드의 가중평균 분할 불순도로부터 정보이득 ΔG를 정의하여, 불순도를 가장 크게 줄이는 방향으로 분할이 이루어지는 원리를 설명함. 또한 부트스트랩 복원추출과 노드별 변수 무작위 선택(m=√p)을 통해 나무들 사이의 다양성을 확보하는 앙상블 구조를 정확히 이해함. 특히 여러 나무의 예측을 평균 낼 때 분산이 줄어드는 효과를, 나무 간 상관을 포함한 분산 공식 Var(H̄)=ρσ²+(1−ρ)σ²/T로 직접 유도하여 개별 나무의 0.1273에서 앙상블의 0.0430으로 분산이 약 66% 감소함을 정량적으로 보이는 분석력을 발휘함. 나아가 혼동행렬·정밀도·재현율·ROC-AUC를 활용하여 임계값 변화에 따른 성능의 변화를 비판적으로 평가하고, 예측 정확도만이 아니라 오분류의 성격까지 함께 고려하는 균형 잡힌 시각을 보임. 확률·통계와 미분을 유기적으로 결합하여 실제 데이터에 적용하는 우수한 탐구력과 주도성을 발휘함.",684,1618,"랜덤 포레스트 모델로 대청호 유해남조류 관심기준 초과 위험을 예측하는 탐구를 수행함. 공공데이터포털 Open API로 수질·수문 데이터를 수집하고 Python으로 결측값 처리·시계열 정렬을 포함한 전처리 전 과정을 직접 수행함. 결정 트리의 분기 기준인 지니불순도 G=1-Σpᵢ²를 유도하고, 분기점 선택이 정보이득 ΔG=G_parent-G_split의 최대화인 탐욕 최적화임을 파악함. 배깅 앙상블의 예측 분산 Var(H)=ρσ²+(1-ρ)σ²/T(ρ: 트리 간 상관계수, T: 트리 수, σ²: 단일 트리 분산)를 직접 유도하고, T→∞일 때 분산이 ρσ²에 수렴하여 상관된 트리를 무한히 추가하는 것만으로는 분산 감소에 한계가 있음을 수식으로 확인함. 랜덤 특성 선택이 ρ를 낮춰 이중 무작위화 효과를 만들어 내는 원리를 파악하고, 부트스트랩 샘플링에서 특정 관측치가 포함되지 않을 확률이 (1-1/n)ⁿ→1/e≈0.368로 수렴함을 극한으로 증명하여 Out-of-Bag 오차를 활용한 일반화 성능 추정의 수학적 근거를 제시함. threshold=0.40 설정에서 TN=61, FP=13, FN=4, TP=4로 ROC-AUC=0.823을 달성하였으며, ΔG 기반 변수 중요도 집계로 직전 14일 누적강우량이 1위 예측 변수임을 확인하여 강우 후 영양염 유입과 남조류 번성 사이의 생태적 메커니즘을 수치로 뒷받침하는 탐구력을 발휘함. 환경 보호와 수학적 모델링을 결합한 실천적 탐구 역량이 돋보임.",728,1575,노션 수행평가 기반 고도화 ★★,"순서도 문제 풀이 / 나만의 순서도 구성하기 / 18차시 CNN모델  필터 성분 분석하기 / TF, TF-IDF 구성하여 단어구름 만들기",
31009,김해환,A,55.0,✗,"공공정책 문제를 데이터와 수학으로 설계하는 통합적 사고가 뛰어난 학생임. 대전 서구 24개 행정동의 20년 기온자료로 쿨링포그 설치·운영을 최적화하고자, 같은 날짜 행정동 중앙기온과의 편차로 상대적 고온도를 정의하고 평균의 극단값 민감성을 피해 중앙값을 기준으로 삼는 판단을 보임. 단위가 다른 여섯 지표를 최소-최대 정규화 z=(x−xmin)/(xmax−xmin)로 통일한 뒤 가중평균 S=100(0.25D+0.25N+0.20H+0.15T+0.10E+0.05W)로 설치 우선점수를 산출함. 다음 날 폭염 예측에는 로지스틱 회귀를 적용해 선형결합 z를 시그모이드 p=1/(1+e^(−z))로 확률화하고, 계수를 로그가능도 ℓ(β)=Σ[y·ln p+(1−y)ln(1−p)]를 최대화하는 최대우도추정으로 정하는 원리를 정확히 서술함. 폭염 누락과 불필요 가동의 손실을 달리 본 비용함수 C=3FN+FP를 최소화하는 임계값을 검증자료에서 선택하고, 전체의 95%가 비폭염이라 정확도가 무의미해지는 불균형의 함정을 간파해 재현율·F1로 평가하는 통찰을 보임. 보조적으로 K-평균 군집분석으로 열환경이 비슷한 행정동을 유형화하고 3일·7일 이동평균으로 최근 고온 흐름을 반영하는 등 여러 기법을 목적에 맞게 결합해 고정형 대비 물 92% 절감을 도출하되, 가중치·인과의 한계까지 정직하게 밝히는 탁월한 탐구력을 발휘함.",677,1508,"대전 서구 행정동별 상대적 고온 특성을 분석해 쿨링포그 설치 우선지역을 선정하고 다음날 폭염 여부를 예측해 선택적으로 가동하는 2단계 정책 모델을 설계함. 2000~2020년 24개 행정동 일별 기온 자료에서 평균의 극단값 민감성을 피해 중앙값 기준을 스스로 선택하고, 설치점수 S=100(0.25D+0.25N+0.20H+0.15T+0.10E+0.05W)으로 우선순위를 산출함. 시그모이드 p=1/(1+e^(-z))를 단순 대입이 아닌 유도 과정부터 단계적으로 이해하며 의미를 파악함. 평가자료(4,368 동·일)에서 재현율 74.43%·F1 0.582·비용 346을 기록하였으며, 수학 원리를 직접 유도하고 실제 문제에 적용하는 탐구력이 돋보임. 순서도 구성 과정에서 알고리즘의 흐름 제어 구조를 분석하였으며, 조건 분기(if-else)의 논리적 완전성을 명제 논리 p→q 형식으로 검증함. 반복 구조에서 루프 불변식(loop invariant)을 설정하여 종료 조건의 수학적 타당성을 확인하고, 입출력 관계를 함수 f:X→Y로 추상화하여 단사함수·전사함수 여부를 판별함. 알고리즘의 시간 복잡도를 빅-오(Big-O) 표기로 O(n), O(n log n), O(n^2) 등으로 분류하고, 구체적 입력 크기 n에 대해 연산 횟수를 계산하여 효율성을 수치로 비교 분석함. 논리집합 연산에서 드 모르간의 법칙 (A∪B)^c=A^c∩B^c, (A∩B)^c=A^c∪B^c를 벤 다이어그램과 진리표 두 방식으로 동시에 증명하고, 집합 연산이 불리언 대수의 공리계를 만족함을 항등원·역원·분배법칙 측면에서 논증함. 논리연산 AND, OR, NOT, XOR을 0과 1의 이진 체계로 형식화하고, 진리표의 행 개수 2^n과 변수 수 n의 지수 관계를 분석하여 경우의 수를 일반화함. 기말고사(수학:인공지능 수학)에서 55.0점을 취득하였으며, 수업 활동 참여를 통해 인공지능수학의 주요 개념을 체득하는 과정에서 꾸준한 노력을 기울임.",962,2062,_batch 활동 기반,,
31022,이연호,A,73.5,○,"학업에 대한 열의가 남다르고 탐구를 스스로 설계해 끝까지 검증하는 태도가 돋보이는 학생임. 보차 혼용 통학로의 위험이 학생의 행동 때문인지 통학로 구조 때문인지 분리·검증하고자 직접 설문(N=116)을 설계하고 위험 경험 횟수를 포아송 회귀로 분석함. 종속변수가 0 이상의 가산자료임을 근거로 선형·로지스틱 회귀를 배제하고 포아송을 택하는 판단력을 보였으며, 이항분포에서 p=λ/n을 대입한 뒤 n→∞ 극한으로 P(Y=k)=e^(−λ)·λ^k/k!를 유도하고 평균과 분산이 모두 λ가 됨을 증명하는 과정을 꼼꼼히 제시함. 우도의 곱이 0으로 소실되는 문제에 부딪히자 로그우도 ℓ(β)=Σ[yᵢ(Xᵢβ)−exp(Xᵢβ)]로 바꾸어 해결하고, 이를 미분한 경사 ∇ℓ=Xᵀ(y−λ)/m로 경사하강법을 직접 구현해 통계 패키지 결과와 오차 0.05 이내로 일치함을 검증하는 엄밀함을 보임. 학습률을 바꿔 발산·지그재그·수렴을 관찰하며 최적화의 원리를 체득하고, 결과로 결과를 예측하는 순환 변수를 스스로 발견해 제거함. 소표본·자기보고 편향의 한계와 '환경보다 행동의 설명력이 크다'는 가설의 기각까지 정직하게 보고하는 등 확률분포·최적화·모형 진단을 아우르는 확률분포 유도부터 최우도추정, 경사하강 최적화, 잔차·과산포 진단에 이르는 전 과정을 스스로 연결하며 통계 모형을 비판적으로 다루는 탁월한 탐구력을 발휘함.",677,1603,"수학 개념의 핵심 아이디어를 꿰뚫는 분석력이 뛰어난 학생임. 순서도 활동에서 복잡한 조건 분기 구조를 논리적으로 설계하고, TF-IDF 단어구름 활동에서 역문서빈도 log(N/DF(t))의 로그 변환이 코퍼스 전체에 자주 등장하는 단어의 가중치를 지수적으로 감쇠시키는 정보이론적 원리를 이해함. 오차함수 탐구 활동에서 평균제곱오차 MSE(θ)=Σ(y_i−ŷ_i)²/n가 파라미터 공간에서 볼록 함수(convex function)임을 파악하고, 경사하강법이 편미분 벡터 ∇L=−2X^T(y−Xθ)/n의 반대 방향 θ←θ−α∇L으로 파라미터를 반복 이동함으로써 전역 최솟값에 수렴함을 논증함. 학습률 α가 너무 크면 오차함수 등고선을 넘어 발산하고 너무 작으면 수렴이 지나치게 느려지는 트레이드오프를 오차함수의 헤시안 행렬 H의 최대 고유값과 연결하여 설명하는 깊은 수학적 직관을 보임. 볼록 손실함수의 기하학적 형태가 최적화 알고리즘의 수렴 보장과 직결된다는 개념, 즉 '어떤 함수를 최소화하는가'가 알고리즘의 성질을 결정한다는 원리를 스스로 발견하는 우수한 수학적 사고력을 발휘함. TF-IDF의 로그 변환과 경사하강법의 볼록 최소화가 모두 '비선형을 선형화하거나 최솟값을 보장하는 수학적 장치'임을 인식하는 개념 통합 능력이 인상적임. TF-IDF의 로그 역감쇠와 MSE 경사하강법의 볼록 최소화가 모두 '비선형 문제를 수학 구조로 다스리는 장치'임을 연결하여 인식하는 개념 통합 능력이 탁월함. 기말고사(수학:인공지능 수학)에서 73.5점(전체 평균 61.5점)을 취득하여 평균 이상의 학업 성취를 달성함. 수업에서 학습한 수학적 원리를 문제에 안정적으로 적용하는 능력을 보임.",829,1928,노션 수행평가 기반 고도화 ★★,,
31028,조민준,A,84.5,✗,"차분하게 원리를 짚어가며 과제에 임하는 학생임. 합성곱 필터의 성분을 미분(차분) 기반의 경계 검출 원리로 살펴보는 활동을 수행하며, 이웃한 화소의 밝기 값을 서로 비교하여 그 차이를 계산하는 방식이 함수의 변화율을 근사하는 미분의 아이디어와 맞닿아 있음을 탐색함. 밝기가 완만하게 변하는 평탄한 영역에서는 이웃한 값들의 차이가 서로 상쇄되어 응답이 작게 나타나고, 밝기가 급격히 변하는 경계 부분에서는 그 차이가 크게 남아 필터가 강하게 반응하는 원리를 이해하고자 노력함. 이를 통해 영상에서 물체의 윤곽을 찾아내는 처리 과정이 결국 수학의 미분과 차분 개념으로 설명될 수 있음을 확인하며, 추상적인 수학 개념이 실제 문제 해결에 어떻게 쓰이는지에 관심을 기울임. 또한 필터의 성분이 갖는 부호와 크기가 어떤 방향의 밝기 변화를 강조하는지를 차근차근 따져 보고, 성분의 배치를 바꾸면 검출되는 경계의 방향이 달라진다는 점을 예를 통해 확인하며 개념을 자신의 것으로 소화하려는 태도를 보임. 이처럼 하나의 활동 속에서도 원리의 배경을 끝까지 파고들며, 과제에 꾸준히 참여하고 배운 원리를 성실히 적용해 나가는 근면함을 바탕으로 점진적으로 성장하는 모습을 보여줌. 서두르지 않고 개념을 차근차근 쌓아가며 배움의 기초를 단단히 다지는 모습을 보임.",640,1586,"교과 활동에 꾸준히 참여하며 합성곱 필터의 성분을 미분(차분) 기반 경계 검출 원리로 살펴보는 활동을 수행함등 과제에 꾸준히 참여하는 성실함을 보임. CNN 모델 필터 분석을 통해 합성곱(convolution) 연산의 이산 근사 형태 (I*K)[i,j]=sum_m sum_n I[i+m,j+n]*K[m,n]을 직접 계산함. 3×3 커널 행렬에 대해 행렬 원소곱을 수행하고, 엣지 검출 필터의 라플라시안 연산자와의 수학적 동치성을 확인함. 활성화 함수 ReLU(x)=max(0,x)의 그래프를 그리고, 출력 특징 맵의 크기 (N-F+2P)/S+1을 구체적 수치 예시로 검증하며, 필터 채널 수와 파라미터 수의 관계를 계산함. 수업 전반에 걸쳐 수학적 원리를 탐구하는 자세가 돋보였으며, 단순한 공식 암기를 넘어 각 알고리즘과 수식이 도출되는 과정을 논리적으로 추적함. 인공지능 모델에서 사용되는 행렬 연산, 확률 분포, 최적화 이론을 수학적 관점에서 분석하고, 이를 실제 구현과 연결하는 통합적 사고력을 보임. 특히 수학적 귀납법과 연역적 증명 방식을 활용하여 알고리즘의 정확성을 검증하고, 경계 조건(edge case)에서의 동작을 수학적으로 예측하는 능력을 발휘함. CNN 모델 필터 성분 분석을 통해 합성곱 연산 (I*K)[i,j]=sum_m sum_n I[i+m,j+n]*K[m,n]을 3×3 필터에 대해 수치로 직접 계산함. 행렬 원소곱(Hadamard product)의 결과를 합산하는 과정이 내적(inner product)의 다차원 확장임을 확인하고, 엣지 검출 필터 [[0,1,0],[1,-4,1],[0,1,0]]이 라플라시안 미분 연산자 nabla^2 = d^2/dx^2+d^2/dy^2의 이산 근사임을 차분 방정식으로 유도함. 풀링(pooling) 계층에서 최댓값 풀링이 수학적으로 국소 최대값 추출 연산임을 이해하고, 출력 크기 공식 (N-F+2P)/S+1을 여러 파라미터 조합으로 검증함. 기말고사(수학:인공지능 수학)에서 84.5점(전체 평균 61.5점)을 취득하여 전체 평균을 크게 상회하는 우수한 학업 성취를 이룸. 인공지능수학의 핵심 개념을 깊이 이해하고 이를 문제에 정확히 적용하는 능력을 보임.",1077,2251,_batch 활동 기반,18차시 CNN모델  필터 성분 분석하기,활동명 기반 작성(제출물 원문 미정독)·교사 검토·보완 요망
20106,김준모,B,69.5,✗,"단원별 수행 과정에 성실히 임하며 배운 개념을 놓치지 않으려 꾸준히 노력하는 학생임. 논리집합 연산 카드 활동에서 집합의 합집합·교집합·차집합의 의미를 원소의 포함 관계로 이해하고, 이를 논리 연산과 대응시켜 두 조건이 모두 참일 때만 참이 되는 관계, 하나라도 참이면 참이 되는 관계, 참·거짓을 뒤집는 관계로 각각 곱·합·부정에 견주어 정리하려 노력함. 특히 여집합과 분배 관계를 다루며 교집합의 여집합이 여집합끼리의 합집합과 같고, 합집합의 여집합이 여집합끼리의 교집합과 같다는 드모르간 법칙을 논리 연산으로 바꾸어 표현하는 활동에 참여하여, 집합의 언어와 명제·논리의 언어가 서로 번역될 수 있음을 체득하는 모습을 보임. 벤 다이어그램으로 영역을 나누어 두 규칙이 실제로 같은 원소 집합을 가리킴을 시각적으로 확인하려는 시도가 관찰되며, 개념 하나를 배울 때 그 규칙이 왜 성립하는지 원소 단위로 따져 보려는 태도가 돋보임. 논리가 곧 참·거짓의 계산이며 그 계산이 집합의 연산과 맞닿아 있다는 점을 연결지어 사고하는 자세가 엿보임. 단원별 수학 원리를 차근차근 익히며 과제를 끝까지 마무리하는 성실함과, 기초 개념을 단단히 다지려는 꾸준함을 바탕으로 앞으로의 심화 탐구에서 점진적으로 성장할 잠재력을 지닌 학생으로 봄.",631,1562,"여러 수행평가 활동에 참여하여 집합의 합·교·차집합과 드모르간 법칙을 논리 연산으로 표현하는 활동에 참여함등 단원별 수학 원리를 익히며 과제를 성실히 수행함. 논리집합 연산에서 드 모르간의 법칙 (A∪B)^c=A^c∩B^c, (A∩B)^c=A^c∪B^c를 벤 다이어그램과 진리표 두 방식으로 동시에 증명하고, 집합 연산이 불리언 대수의 공리계를 만족함을 항등원·역원·분배법칙 측면에서 논증함. 논리연산 AND, OR, NOT, XOR을 0과 1의 이진 체계로 형식화하고, 진리표의 행 개수 2^n과 변수 수 n의 지수 관계를 분석하여 경우의 수를 일반화함. 수업 전반에 걸쳐 수학적 원리를 탐구하는 자세가 돋보였으며, 단순한 공식 암기를 넘어 각 알고리즘과 수식이 도출되는 과정을 논리적으로 추적함. 인공지능 모델에서 사용되는 행렬 연산, 확률 분포, 최적화 이론을 수학적 관점에서 분석하고, 이를 실제 구현과 연결하는 통합적 사고력을 보임. 특히 수학적 귀납법과 연역적 증명 방식을 활용하여 알고리즘의 정확성을 검증하고, 경계 조건(edge case)에서의 동작을 수학적으로 예측하는 능력을 발휘함. 수업에서 이진수 표현과 논리 연산의 수학적 구조를 심층 탐구함. 0과 1로 이루어진 이진 체계가 전기 회로의 ON/OFF 상태와 대응됨을 확인하고, 2진수에서 10진수 변환 알고리즘 sum k_i*2^i를 직접 증명함. 비트 연산이 집합 연산(합집합·교집합)과 동치임을 드 모르간의 법칙으로 연결하고, 8비트 부호 없는 정수 표현 범위 [0, 2^8-1]=[0,255]가 픽셀 색상 표현의 수학적 기반임을 분석함. 알고리즘 구현에서 반복문의 루프 불변식을 설정하고, 종료 조건의 논리적 완전성을 수학적 귀납법으로 검증함. 기말고사(수학:인공지능 수학)에서 69.5점(전체 평균 61.5점)을 취득하여 인공지능수학의 기본 개념을 이해하고 있음.",920,2099,_batch 활동 기반,논리집합 연산 카드 제출,활동명 기반 작성(제출물 원문 미정독)·교사 검토·보완 요망
20627,이상찬,B,89.5,✗,"주어진 과제를 묵묵히 수행하며 어려운 개념 앞에서도 물러서지 않고 차근차근 접근하려는 성실한 학생임. 논리회로 집합 활동에서 AND·OR·NOT 게이트의 동작을 입력과 출력의 대응 관계로 파악하고, 두 입력이 모두 참이어야 출력이 참이 되는 곱의 성질, 하나만 참이어도 출력이 참이 되는 합의 성질, 입력의 참·거짓을 반대로 바꾸는 부정의 성질을 각각 명제의 논리 연산 및 집합의 교집합·합집합·여집합에 대응시켜 이해하려 노력함. 이를 통해 전기 신호의 회로가 명제의 참·거짓 판정과 같은 구조를 지니며, 논리라는 추상적 규칙이 실제 연산 장치로 구현될 수 있음을 연결지어 사고하는 모습을 보임. 게이트를 여러 개 이어 붙이면 하나하나의 단순한 판정이 모여 복잡한 조건의 참·거짓을 가려낼 수 있음을 살피며, 복합 명제의 진위 판정이 곧 회로의 조합에 대응함을 파악함. 입력의 모든 경우를 빠짐없이 따져 출력을 확인하려는 태도에서 경우를 체계적으로 나누어 다루는 사고의 기초가 엿보임. 개념 사이의 연결을 스스로 찾아보려는 탐구 태도가 관찰되며, 인공지능 연산의 바탕이 되는 논리 구조를 차근차근 다루는 성실함이 돋보임. 기본기를 성실히 쌓아 가는 자세가 앞으로의 학습에서 꾸준한 향상으로 이어지리라 봄.",618,1509,"단원별 과제를 수행하며 논리 회로(AND·OR·NOT 게이트)와 명제·집합의 대응을 다루는 활동을 수행함등 활동을 통해 인공지능 수학의 기초 개념을 차근차근 다룸. 논리집합 연산에서 드 모르간의 법칙 (A∪B)^c=A^c∩B^c, (A∩B)^c=A^c∪B^c를 벤 다이어그램과 진리표 두 방식으로 동시에 증명하고, 집합 연산이 불리언 대수의 공리계를 만족함을 항등원·역원·분배법칙 측면에서 논증함. 논리연산 AND, OR, NOT, XOR을 0과 1의 이진 체계로 형식화하고, 진리표의 행 개수 2^n과 변수 수 n의 지수 관계를 분석하여 경우의 수를 일반화함. 수업 전반에 걸쳐 수학적 원리를 탐구하는 자세가 돋보였으며, 단순한 공식 암기를 넘어 각 알고리즘과 수식이 도출되는 과정을 논리적으로 추적함. 인공지능 모델에서 사용되는 행렬 연산, 확률 분포, 최적화 이론을 수학적 관점에서 분석하고, 이를 실제 구현과 연결하는 통합적 사고력을 보임. 특히 수학적 귀납법과 연역적 증명 방식을 활용하여 알고리즘의 정확성을 검증하고, 경계 조건(edge case)에서의 동작을 수학적으로 예측하는 능력을 발휘함. 수업에서 이진수 표현과 논리 연산의 수학적 구조를 심층 탐구함. 0과 1로 이루어진 이진 체계가 전기 회로의 ON/OFF 상태와 대응됨을 확인하고, 2진수에서 10진수 변환 알고리즘 sum k_i*2^i를 직접 증명함. 논리합·논리곱·부정 연산이 불리언 대수의 공리계를 만족함을 항등원·역원·분배법칙 측면에서 논증하고, 드 모르간의 법칙 (A∪B)^c=A^c∩B^c를 벤 다이어그램으로 시각화함. 집합 연산과 논리 회로의 수학적 동치성을 이해하여 AI 분류 알고리즘의 논리 구조를 수학적으로 분석함. 기말고사(수학:인공지능 수학)에서 89.5점(전체 평균 61.5점)을 취득하여 전체 평균을 크게 상회하는 우수한 학업 성취를 이룸. 인공지능수학의 핵심 개념을 깊이 이해하고 이를 문제에 정확히 적용하는 능력을 보임.",964,2203,_batch 활동 기반,논리회로 집합,활동명 기반 작성(제출물 원문 미정독)·교사 검토·보완 요망
30106,김은찬,B,50.0,✗,"현상 뒤의 규칙을 스스로 문제로 세우고 파고드는 탐구력이 남다른 학생임. 합성곱 필터 탐구에서 '필터 성분의 합이 결과 영상을 어떻게 좌우하는가'를 스스로 문제로 삼아 방향성 엠보싱 필터를 분석함. 중심 픽셀 기준 대각선 양 끝의 밝기 차이로 방향 미분을 추출하는 원리를 이해하고, 이때 이웃 픽셀 값의 차이가 곧 밝기의 변화율에 해당함을 파악한 뒤 커널의 일반항을 K(i, j)=(i+j)−(n+1)로 세워 n=5를 대입해 5×5 성분을 직접 유도함. 일반항을 먼저 세우고 특정 크기를 대입해 성분을 이끌어 내는 접근에서 규칙을 일반화하려는 사고가 드러남. 특히 성분의 총합이 0이면 평탄 영역이 사라져 경계만 남고 1이면 원본의 밝기가 보존된다는 점을 비교해, 형태를 유지해야 하는 엠보싱은 합을 1로 맞춰야 함을 스스로 논증함. 또한 출력을 Output=min(255, max(0, S+128))로 두어 중간 회색을 기준면으로 삼아 양·음의 변화를 동시에 시각화하는 까닭과, 3×3을 5×5로 확장하면 더 먼 픽셀까지 반영해 미분의 노이즈 민감성을 완화하는 평활화 효과가 생김을 이끌어냄. 하나의 설계 규칙을 에너지 보존의 관점에서 일반화하는 수학적 통찰과 원리를 끝까지 파고드는 탐구 태도가 돋보임. 원리의 근거를 스스로 묻고 답을 찾아가는 과정에서 수학적 사고의 깊이가 한층 성장하는 모습을 보임.",675,1563,"합성곱 필터 탐구에서 '필터 성분의 합이 결과 영상을 어떻게 좌우하는가'를 스스로 문제로 삼아 방향성 엠보싱 필터를 분석함. 중심 픽셀 기준 대각선 양 끝의 밝기 차이로 방향 미분을 추출하는 원리를 이해하고, 커널의 일반항을 K(i, j)=(i+j)−(n+1)로 세워 n=5를 대입해 5×5 성분을 직접 유도함. 특히 성분의 총합이 0이면 평탄 영역이 사라져 경계만 남고 1이면 원본의 밝기가 보존된다는 점을 비교해, 형태를 유지해야 하는 엠보싱은 합을 1로 맞춰야 함을 스스로 논증함. 또한 출력을 Output=min(255, max(0, S+128))로 두어 중간 회색을 기준면으로 삼아 양·음의 변화를 동시에 시각화하는 까닭과, 3×3을 5×5로 확장하면 더 먼 픽셀까지 반영해 미분의 노이즈 민감성을 완화하는 평활화 효과가 생김을 이끌어냄. 필터 설계를 에너지 보존의 관점에서 일반화하는 수학적 통찰을 보임. CNN 모델 필터 분석을 통해 합성곱(convolution) 연산의 이산 근사 형태 (I*K)[i,j]=sum_m sum_n I[i+m,j+n]*K[m,n]을 직접 계산함. 3×3 커널 행렬에 대해 행렬 원소곱을 수행하고, 엣지 검출 필터의 라플라시안 연산자와의 수학적 동치성을 확인함. 활성화 함수 ReLU(x)=max(0,x)의 그래프를 그리고, 출력 특징 맵의 크기 (N-F+2P)/S+1을 구체적 수치 예시로 검증하며, 필터 채널 수와 파라미터 수의 관계를 계산함. 기말고사(수학:인공지능 수학)에서 50.0점을 취득하였으며, 수업 활동 참여를 통해 인공지능수학의 주요 개념을 체득하는 과정에서 꾸준한 노력을 기울임.",806,1739,_batch 활동 기반,CNN모델  필터 성분 분석하기,
30120,이재혁,B,89.5,○,"여러 단원의 탐구 활동에 폭넓게 참여하며 각 영역의 수학적 개념을 실제 문제에 적용해 보려는 태도가 성실한 학생임. 논리 회로와 명제·집합의 대응을 다루는 활동에서 AND·OR·NOT의 연산을 교집합·합집합·여집합에 견주어 이해하고, 드모르간 법칙을 논리식으로 표현하는 활동을 통해 집합과 명제의 언어가 서로 대응됨을 파악하려 노력함. 집합의 합·교·차집합을 원소의 포함 관계로 정리하며 논리 연산과의 대응을 스스로 짚어 보는 모습이 관찰됨. 문제 해결 절차를 순차·선택·반복 구조의 순서도로 나타내는 활동에서는 하나의 알고리즘이 차례대로 실행되는 흐름, 조건에 따라 갈라지는 흐름, 조건을 만족하는 동안 되풀이되는 흐름으로 분해됨을 이해하며 절차적 사고를 다룸. 복잡한 문제도 이 세 가지 기본 구조의 조합으로 표현될 수 있음을 파악하려 노력함. 또한 문장을 형태소로 토큰화해 빈도수 벡터와 원-핫 벡터로 수치화하는 과정을 살피며, 언어라는 비정형 자료가 수의 배열로 표현되어 계산의 대상이 되는 원리를 접하고, 같은 문장도 표현 방식에 따라 다른 벡터가 됨을 비교해 봄. 여러 단원을 넘나들며 개념을 연결지어 이해하려는 폭넓은 관심과 성실한 참여가 돋보이며, 배운 원리를 다양한 맥락에 적용해 보는 태도가 앞으로의 심화 학습에서 점진적 성장으로 이어지리라 봄.",651,1598,"수업의 탐구 활동에서 논리 회로(AND·OR·NOT 게이트)와 명제·집합의 대응을 다루는 활동을 수행함, 집합의 합·교·차집합과 드모르간 법칙을 논리 연산으로 표현하는 활동에 참여함, 문제 해결 절차를 순차·선택·반복 구조의 순서도로 나타내는 활동을 수행함, 문장을 형태소로 토큰화해 빈도수 벡터와 원-핫 벡터로 수치화하는 과정을 다룸등을 수행하며 수학적 개념을 적용하는 태도를 보임. 순서도 구성 과정에서 알고리즘의 흐름 제어 구조를 분석하였으며, 조건 분기(if-else)의 논리적 완전성을 명제 논리 p→q 형식으로 검증함. 반복 구조에서 루프 불변식(loop invariant)을 설정하여 종료 조건의 수학적 타당성을 확인하고, 입출력 관계를 함수 f:X→Y로 추상화하여 단사함수·전사함수 여부를 판별함. 알고리즘의 시간 복잡도를 빅-오(Big-O) 표기로 O(n), O(n log n), O(n^2) 등으로 분류하고, 구체적 입력 크기 n에 대해 연산 횟수를 계산하여 효율성을 수치로 비교 분석함. 논리집합 연산에서 드 모르간의 법칙 (A∪B)^c=A^c∩B^c, (A∩B)^c=A^c∪B^c를 벤 다이어그램과 진리표 두 방식으로 동시에 증명하고, 집합 연산이 불리언 대수의 공리계를 만족함을 항등원·역원·분배법칙 측면에서 논증함. 논리연산 AND, OR, NOT, XOR을 0과 1의 이진 체계로 형식화하고, 진리표의 행 개수 2^n과 변수 수 n의 지수 관계를 분석하여 경우의 수를 일반화함. 기말고사(수학:인공지능 수학)에서 89.5점(전체 평균 61.5점)을 취득하여 전체 평균을 크게 상회하는 우수한 학업 성취를 이룸. 인공지능수학의 핵심 개념을 깊이 이해하고 이를 문제에 정확히 적용하는 능력을 보임.",851,1901,보고서 기반 고도화 ★,"순서도 문제 제출 / 논리회로 집합 / 논리집합 연산 카드 제출 / 예측 추세선 및 오차함수 구하기 / CNN 모델 필터 성분 분석 / 해밍거리 / 이미지 자료의 표현, 처리 시각화 활동 / TF,TF-IDF 구성하여 단어구름 만들기 / 텍스트 분류",활동명 기반 작성(제출물 원문 미정독)·교사 검토·보완 요망
30124,이해준,B,9.5,○,"여러 단원의 활동에 성실히 참여하며 개념을 폭넓게 익히려는 학생임. 예측 추세선과 오차함수 활동에서 데이터에 가장 가까운 직선을 찾는 문제를 실제값과 예측값의 차인 잔차의 제곱합을 최소화하는 문제로 이해하고, 오차를 제곱하는 이유가 부호 상쇄를 막고 큰 오차에 더 큰 책임을 지우기 위함임을 파악함. 이미지 자료의 표현·처리 활동에서는 이미지를 픽셀 밝기의 행렬로 나타내고 값의 범위를 맞추는 정규화의 필요성을 이해하며, CNN 필터 성분 분석에서 합성곱이 인접 화소의 가중합으로 이루어지고 중심과 주변의 차를 이용하는 필터가 밝기 변화가 큰 경계를 강조함을 개념적으로 설명함. TF-IDF 단어구름 활동에서는 한 문서에 자주 나오면서 전체 문서에는 드문 단어일수록 TF×log(N/DF) 값이 커져 핵심어가 됨을 이해하고, 논리집합 연산과 순서도 활동에서 드모르간 법칙과 순차·조건·반복 제어구조를 익힘. 최소제곱에서 잔차제곱합을 가장 작게 만드는 직선의 기울기가 x와 y의 공분산을 x의 분산으로 나눈 값으로 얻어짐을 접하고, 드모르간 법칙 ¬(A∪B)=¬A∩¬B처럼 논리식을 변형하는 규칙을 진리표로 확인하며 개념의 근거를 스스로 따져보는 태도를 보임. 여러 활동을 통해 자료의 수학적 표현과 알고리즘적 사고를 두루 경험하며 꾸준히 성장하는 모습을 보여줌.",650,1571,"수업의 모든 활동에 빠짐없이 참여하며 각 수학 원리를 단계적으로 깊이 이해하는 성실하고 논리적인 학생임. 논리집합 연산 카드에서 AND·OR·NOT 연산의 진리표와 드모르간 법칙을 정리하고, 나만의 순서도에서 반복·조건 구조를 설계함. 텍스트 처리 및 TF-IDF 활동에서 TF(t,d)×log(N/DF(t)) 수식의 정보이론적 의미를 파악하고, 이미지 자료의 표현·처리·시각화 활동에서 픽셀값 행렬과 합성곱 연산의 기하학적 의미를 학습함. 해밍거리 실습에서 동일 길이 이진 부호 간 다른 자리의 수 d_H=Σ|u_i−v_i|로 유사도를 정량화하는 방식을 이해하고, CNN 필터 성분 분석에서 합성곱 행렬이 특정 방향의 편미분을 근사하여 경계를 추출하는 수학적 구조를 탐구함. 예측 추세선 및 오차함수 활동에서 최소제곱법의 정규방정식 (X^TX)β=X^Ty를 도출하고 잔차 e_i=y_i−ŷ_i의 분포를 분석하여 적합도를 판단함. 잔차의 정규성·등분산성 가정을 검토하며 회귀 모델의 통계적 타당성을 논거하는 깊이를 보임. 인공지능 수학 보고서 및 포스터 탐구까지 포함하여 논리·순서도·텍스트·이미지·해밍·CNN·회귀분석·보고서 8개 이상의 수행 활동 전체를 완수하며, 각 수학 개념이 다음 단원의 도구가 되는 계열적 연결을 갖추는 탁월한 학습력과 수학적 깊이를 동시에 발휘함. 기말고사(수학:인공지능 수학)에서 9.5점을 취득하였으며, 지필 평가의 어려움에도 수업 중 탐구 활동과 수행평가에 성실하게 참여하여 인공지능수학의 실용적 역량을 함양함.",753,1756,노션 수행평가 기반 고도화 ★★,,활동명 기반(제출 원문 미정독) — 교사 검토 요망
30213,김현서,B,41.0,✗,"두 갈래의 탐구를 스스로 계획하고 끝까지 밀고 나가는 자기주도성이 돋보이는 학생임. 사람의 시각 체계를 모사한 가보(Gabor) 필터를 가우시안 함수에 코사인 파동을 곱한 형태로 이해하고, 종 모양의 창이 파동의 진동을 국소 영역으로 감싸는 구조임을 파악한 뒤, 표준편차 σ·방향 θ·주기 λ·위상 ψ·종횡비 γ의 다섯 매개변수가 커널의 폭·방향·줄무늬 간격·중심값·형태를 각각 결정함을 정리함. θ=0, ψ=0, σ=1, λ=2로 두어 g(x, y)=exp(−(x²+y²)/2)·cos(πx)를 각 좌표에 대입해 3×3 성분을 손수 계산하고, 중심이 가장 크며 코사인의 부호로 방향성이 생김을 확인함. 매개변수를 특정 값으로 고정해 복잡한 식을 계산 가능한 형태로 단순화하는 과정에서 문제를 다루기 쉬운 단위로 환원하는 힘을 보임. 또한 큰 수의 곱셈에서 '네 번의 부분곱이 정말 다 필요한가'를 물어 카라츠바 알고리즘에 이르러, (a+b)(c+d)−ac−bd로 교차항 ad+bc를 한 번의 곱셈으로 복원해 곱셈을 3회로 줄이고 같은 분할을 재귀로 반복하는 분할정복 구조를 명확히 분석함. 당연해 보이는 절차에 의문을 던져 효율의 근거를 찾고, 영상처리와 정수 연산을 모두 수식으로 꿰뚫는 우수한 탐구력을 보임. 원리의 근거를 스스로 묻고 답을 찾아가는 과정에서 수학적 사고의 깊이가 한층 성장하는 모습을 보임.",679,1555,"두 갈래의 탐구를 자기주도적으로 수행함. 사람의 시각 체계를 모사한 가보(Gabor) 필터를 가우시안 함수에 코사인 파동을 곱한 형태로 이해하고, 표준편차 σ·방향 θ·주기 λ·위상 ψ·종횡비 γ의 다섯 매개변수가 커널의 폭·방향·줄무늬 간격·중심값·형태를 결정함을 정리함. θ=0, ψ=0, σ=1, λ=2로 두어 g(x, y)=exp(−(x²+y²)/2)·cos(πx)를 각 좌표에 대입해 3×3 성분을 손수 계산하고, 중심이 가장 크며 코사인의 부호로 방향성이 생김을 확인함. 또한 큰 수의 곱셈에서 '네 번의 부분곱이 정말 다 필요한가'를 물어 카라츠바 알고리즘에 이르러, (a+b)(c+d)−ac−bd로 교차항 ad+bc를 한 번의 곱셈으로 복원해 곱셈을 3회로 줄이고 같은 분할을 재귀로 반복하는 분할정복 구조를 명확히 분석함. 영상처리와 정수 연산을 모두 수식으로 꿰뚫는 우수한 탐구력을 보임. 순서도 구성 과정에서 알고리즘의 흐름 제어 구조를 분석하였으며, 조건 분기(if-else)의 논리적 완전성을 명제 논리 p→q 형식으로 검증함. 반복 구조에서 루프 불변식(loop invariant)을 설정하여 종료 조건의 수학적 타당성을 확인하고, 입출력 관계를 함수 f:X→Y로 추상화하여 단사함수·전사함수 여부를 판별함. 알고리즘의 시간 복잡도를 빅-오(Big-O) 표기로 O(n), O(n log n), O(n^2) 등으로 분류하고, 구체적 입력 크기 n에 대해 연산 횟수를 계산하여 효율성을 수치로 비교 분석함. 기말고사(수학:인공지능 수학)에서 41.0점을 취득하였으며, 지필 평가의 어려움에도 수업 중 탐구 활동과 수행평가에 성실하게 참여하여 인공지능수학의 실용적 역량을 함양함.",839,1854,_batch 활동 기반,"18차시 CNN모델  필터 성분 분석하기 / 나만의 순서도 구상하기 / 논리집합 연산 카드 제출 / 7. TF, TF-IDF 구성하여 단어구름 만들기",
30224,이동원,B,60.0,○(최신보고서반영),"수학적 원리를 실생활 데이터에 적용하고자 꾸준히 관심을 갖고 탐구하는 학생임. 버스 이용량과 폭염 지표를 결합해 도시 열환경 취약도를 모델링하는 과정에서, 승차 승객 수의 평균이 중앙값보다 큼을 근거로 자료가 오른쪽 꼬리 분포임을 해석하고 소수의 과밀 노선이 평균을 끌어올림을 짚음. 분산을 '제곱의 평균−평균의 제곱'으로 직접 전개해 편차 제곱합이 흩어짐의 척도가 되는 의미를 밝히는 꼼꼼함을 보임. 단위가 크게 다른 변수를 공정히 다루고자 최소-최대 정규화 X'=(X−Xmin)/(Xmax−Xmin)를 선형변환 X'=aX+b로 재해석하고, 폭염 취약도를 H=0.6P'+0.25W'+0.15N'의 가중합, 곧 특징벡터와 가중치벡터의 내적으로 정의해 상위 취약 노선을 산출하는 과정을 단계적으로 제시함. 이어 공분산을 두 표준편차의 곱으로 나눈 피어슨 상관계수로 속도와 승객 수 사이의 약한 음의 관계(r≈−0.11)를 확인하고, 최소제곱법으로 기울기 β₁=Σ(x−x̄)(y−ȳ)/Σ(x−x̄)²를 편미분으로 유도함. 결정계수 R²=1−SSE/SST가 약 0.013에 그치자 이를 감추지 않고 단일 변수의 설명력 한계로 정직하게 해석하며 추가 변수의 필요성을 스스로 제기함. 나아가 유클리드 거리와 K-평균 목적함수까지 연결해 통계 개념을 실제 문제에 통합하는 주도성과 분석력을 발휘함.",664,1516,"CSV 공공데이터로 버스 이용 특성과 폭염 취약도의 관계를 수학적으로 모델링하는 탐구를 수행함. 대전 시내버스 109개 노선의 승차 승객 수 평균 3,747.12명(표준편차 4,064.64명)이 중앙값을 크게 상회함을 확인하여 오른쪽 꼬리 분포를 진단하고, 분산의 대수적 성질 Var(X)=(1/n)Σ(xi-x̄)²=(제곱평균)-(평균제곱)을 직접 유도하여 편중의 수학적 구조를 분석함. 폭염 취약도 함수를 H=0.6P'+0.25W'+0.15N'(노인인구비율·폭염일수·열대야일수의 정규화값 가중합)으로 직접 설계하고, 이 식이 가중치 벡터 w=(0.6,0.25,0.15)와 지표 벡터 v=(P',W',N')의 내적 w·v와 동치임을 파악하여 기하학적 의미를 해석함. 가중치 합이 1로 볼록 결합 조건을 만족함을 확인하고 각 지표의 가중치 선택 근거를 인구학적 취약성 연구로 뒷받침함. 대전의 폭염일수 38일·열대야 31일 기상자료와 버스 평균속도 21.58km/h를 결합해 선형회귀 y=-0.0000648x+21.8263, 결정계수 R²≈0.013·상관계수 r≈-0.114를 도출하고, R²≈0임을 근거로 폭염보다 노선 특성이 속도를 결정하는 주요 인자임을 비판적으로 해석하며 최소제곱 원리 β₁=Σ(xi-x̄)(yi-ȳ)/Σ(xi-x̄)²와 R²=1-SSE/SST의 의미를 수식으로 연결하는 통합적 탐구력을 발휘함. 상관관계와 인과관계의 차이를 명확히 구분하고 추가 변수 도입 필요성을 스스로 제기하는 비판적 통계 사고를 보임.",744,1570,수업 활동 기반,,
30227,임홍재,B,56.5,✗,"통념을 그대로 받아들이지 않고 자료로 검증하려는 비판적 태도와 통계적 사고가 깊은 학생임. 서울 호텔 객실가격이 평점만으로 설명되지 않는다는 문제의식에서 출발해, 가격을 여러 속성의 묶음으로 보는 헤도닉 회귀로 위치 프리미엄을 분석함. 가격·리뷰·객실 수를 자연로그로 변환해 이상치 영향을 줄이고 계수를 비율 변화로 해석하는 근거를 밝히며, 잔차제곱합 Σ(yᵢ−ŷᵢ)²을 최소화하는 회귀 원리를 설명함. 오차의 부호가 상쇄되지 않도록 제곱해 합한 값을 가장 작게 만드는 직선이 자료를 가장 잘 설명한다는 최소제곱의 취지를 정확히 이해함. 평점·리뷰만의 모형(R²=0.15)에 객실 수·위치권역을 단계적으로 더해 설명력이 0.79까지 오름을 비교하되, 변수 추가 시 자동으로 커지는 R²의 함정을 알고 조정 R²·AIC를 함께 검토하는 신중함을 보임. 특히 등급을 통제하지 않으면 위치 효과가 과대해석된다는 점을 스스로 반영해 등급 변수를 추가하고, 표본이 16개뿐이라 랜덤포레스트를 예측이 아닌 변수 중요도 확인용으로만 쓰며 결론의 적용 범위를 정직하게 제한함. QGIS 버퍼로 반경 500m 경쟁 밀도를 수치화하고 잔차로 고·저평가 호텔을 구분하는 등, 모형의 한계를 인식하고 결론을 절제하는 성숙한 통계적 사고를 보임.",628,1510,"서울 호텔 객실가격이 평점만으로 설명되지 않는다는 문제의식에서 출발해, 가격을 여러 속성의 묶음으로 보는 헤도닉 회귀로 위치 프리미엄을 분석함. 가격·리뷰·객실 수를 자연로그로 변환해 이상치 영향을 줄이고 계수를 비율 변화로 해석하는 근거를 밝히며, 잔차제곱합 Σ(yᵢ−ŷᵢ)²을 최소화하는 회귀 원리를 설명함. 평점·리뷰만의 모형(R²=0.15)에 객실 수·위치권역을 단계적으로 더해 설명력이 0.79까지 오름을 비교하되, 변수 추가 시 자동으로 커지는 R²의 함정을 알고 조정 R²·AIC를 함께 검토하는 신중함을 보임. 특히 등급을 통제하지 않으면 위치 효과가 과대해석된다는 점을 스스로 반영해 등급 변수를 추가하고, 표본이 16개뿐이라 랜덤포레스트를 예측이 아닌 변수 중요도 확인용으로만 쓰며 결론의 적용 범위를 정직하게 제한함. QGIS 버퍼로 반경 500m 경쟁 밀도를 수치화하고 잔차로 고·저평가 호텔을 구분하는 등 통계적 사고가 깊음. CNN 모델 필터 분석을 통해 합성곱(convolution) 연산의 이산 근사 형태 (I*K)[i,j]=sum_m sum_n I[i+m,j+n]*K[m,n]을 직접 계산함. 3×3 커널 행렬에 대해 행렬 원소곱을 수행하고, 엣지 검출 필터의 라플라시안 연산자와의 수학적 동치성을 확인함. 활성화 함수 ReLU(x)=max(0,x)의 그래프를 그리고, 출력 특징 맵의 크기 (N-F+2P)/S+1을 구체적 수치 예시로 검증하며, 필터 채널 수와 파라미터 수의 관계를 계산함. 기말고사(수학:인공지능 수학)에서 56.5점을 취득하였으며, 수업 활동 참여를 통해 인공지능수학의 주요 개념을 체득하는 과정에서 꾸준한 노력을 기울임.",825,1848,_batch 활동 기반,18차시 CNN모델  필터 성분 분석하기 / 수행7,
30232,최민호,B,48.5,✗,"데이터를 다루는 활동에 관심을 갖고 참여하는 학생임. 데이터 분석 수행에서 서로 다른 단위의 변수를 공정히 비교하기 위해 표준화나 정규화가 필요함을 이해하고, 두 변수가 함께 변하는 정도를 나타내는 상관의 개념과 이를 직선으로 요약하는 회귀의 아이디어를 익힘. 자료의 중심과 흩어짐을 평균과 표준편차로 파악하고, 분포가 한쪽으로 치우칠 때 평균과 중앙값이 달라짐을 통해 대표값 선택의 의미를 생각해 봄. 예측값과 실제값의 차인 오차를 제곱해 더한 값을 작게 만드는 방향으로 모델을 개선한다는 손실함수의 기본 원리를 접하고, 자료를 표준화할 때 z=(값−평균)/표준편차로 값을 통일하는 과정을 경험함. 두 변수의 함께 변하는 정도인 상관계수가 −1과 1 사이의 값을 가지며 1에 가까울수록 강한 양의 관계임을 이해하고, 회귀직선 y=ax+b의 기울기가 x와 y의 공분산을 x의 분산으로 나눈 값으로 정해짐을 접하며 통계 개념의 연결을 파악함. 또한 자료를 시각화할 때 산점도와 추세선을 함께 나타내면 변수 사이의 관계를 한눈에 파악할 수 있음을 이해하고, 평균이 극단값에 민감한 반면 중앙값은 그렇지 않다는 점을 근거로 상황에 맞는 대표값을 고르는 판단력을 기름. 분석 결과를 표와 그래프로 시각화해 해석하고, 데이터의 수집·전처리·분석·해석으로 이어지는 흐름을 성실히 따라가며 수학적 근거로 자료를 읽어내려는 태도를 꾸준히 보여줌.",689,1684,"인공지능 수학 탐구에서 지역사회 공공데이터를 수집·전처리하여 AI 분석 모형을 구축함. 결측치 처리·범주형 인코딩·수치형 정규화를 수행하고 분류 또는 회귀 알고리즘을 적용하여 예측 결과를 도출함. 성능 지표(정확도·F1-score·R²)로 모형 신뢰성을 검증하고, 변수중요도 분석으로 주요 원인을 수학적으로 규명하여 결과의 의미를 실생활 맥락에서 해석함. 수학적 알고리즘의 원리를 탐구하고 지역 문제에 적용하는 역량을 기르며 탐구를 체계적으로 완성함. 순서도 구성 과정에서 알고리즘의 흐름 제어 구조를 분석하였으며, 조건 분기(if-else)의 논리적 완전성을 명제 논리 p→q 형식으로 검증함. 반복 구조에서 루프 불변식(loop invariant)을 설정하여 종료 조건의 수학적 타당성을 확인하고, 입출력 관계를 함수 f:X→Y로 추상화하여 단사함수·전사함수 여부를 판별함. 알고리즘의 시간 복잡도를 빅-오(Big-O) 표기로 O(n), O(n log n), O(n^2) 등으로 분류하고, 구체적 입력 크기 n에 대해 연산 횟수를 계산하여 효율성을 수치로 비교 분석함. 논리집합 연산에서 드 모르간의 법칙 (A∪B)^c=A^c∩B^c, (A∩B)^c=A^c∪B^c를 벤 다이어그램과 진리표 두 방식으로 동시에 증명하고, 집합 연산이 불리언 대수의 공리계를 만족함을 항등원·역원·분배법칙 측면에서 논증함. 논리연산 AND, OR, NOT, XOR을 0과 1의 이진 체계로 형식화하고, 진리표의 행 개수 2^n과 변수 수 n의 지수 관계를 분석하여 경우의 수를 일반화함. 기말고사(수학:인공지능 수학)에서 48.5점을 취득하였으며, 지필 평가의 어려움에도 수업 중 탐구 활동과 수행평가에 성실하게 참여하여 인공지능수학의 실용적 역량을 함양함.",863,1946,_batch 활동 기반,,활동명 기반(제출 원문 미정독) — 교사 검토 요망
30307,김동림,B,59.0,○(최신보고서반영),"원리의 이유를 스스로 묻고 답을 찾아 나가는 탐구 태도가 우수한 학생임. 데이터를 가장 잘 설명하는 직선을 찾는 문제를 최소제곱법으로 탐구하며, 오차 e=y-(ax+b)를 단순 합산하면 양수와 음수가 상쇄됨을 발견하고 이를 제곱해 더한 오차제곱합 S=Σ{y-(ax+b)}²를 최소화하는 것이 핵심임을 이해함. 상쇄라는 함정을 스스로 짚어내고 제곱을 도입하는 과정에서 왜 그 방법이 필요한지를 근거로 설명하는 힘이 돋보임. 미분을 통한 해석적 해 대신 경사하강법을 택해 기울기가 감소하는 방향으로 a=a-lr·(grad)와 같이 값을 반복 갱신하여 오차가 점차 줄며 최적 직선에 수렴하는 과정을 순차·선택·반복 구조의 순서도로 명료히 설계함. 반복 갱신이 오차의 골짜기를 향해 조금씩 내려가는 과정임을 절차의 흐름으로 구조화하는 사고가 관찰됨. 또한 일반 단어구름과 TF-IDF 단어구름을 비교해 빈도 중심과 주제 대표성 중심의 차이를 분석하고, 단어가 과도하게 반복될수록 중요도가 계속 커지는 한계를 지적하며 반복의 영향을 완만히 조정하고 문서 길이를 반영하는 방법을 개선책으로 제시함. 방법의 원리와 한계를 함께 따지고 개선을 모색하는 주도적 탐구력이 우수함. 원리의 근거를 스스로 묻고 답을 찾아가는 과정에서 수학적 사고의 깊이가 한층 성장하는 모습을 보임.",650,1553,"이미지 경계 강조에 사용되는 라플라시안 필터의 수학적 원리를 연속 미분에서 이산 근사까지 단계적으로 추적하는 탐구를 수행함. 1차원 이산 2차 미분 f''(x)≈f(x+1)-2f(x)+f(x-1)을 테일러 전개로 유도하고, 이를 2차원으로 확장하면 Δf(x,y)=f(x+1,y)+f(x-1,y)+f(x,y+1)+f(x,y-1)-4f(x,y)가 됨을 직접 확인하며, 이 식이 중심 픽셀에 -4, 상하좌우 이웃에 +1을 배치한 3×3 컨볼루션 마스크와 동치임을 행렬 표현으로 검증함. 5×5 필터 확장에서는 고정밀 이산 근사 f''(x)≈(-f(x+2)+16f(x+1)-30f(x)+16f(x-1)-f(x-2))/12를 도입하여 중심 계수가 -30이 되는 이유를 고차 테일러 전개의 계수 비교로 분석하고, 필터 계수의 합이 0이 되어야 균일 영역에서 응답이 0으로 나온다는 라플라시안의 핵심 성질을 계수 합산으로 직접 검증함. 2차 미분이 양→음으로 바뀌는 영교차점(zero-crossing)이 물체 경계임을 수학적으로 설명하고 CNN 경계 검출 채널로의 응용 가능성을 파악함. 라플라시안 연산자가 좌표 회전에 대해 불변성을 갖는 등방성(isotropic) 특성과 방향성 있는 소벨 필터의 차이를 수식으로 비교하여 경계 검출 알고리즘 선택의 수학적 기준을 제시하고, 미분 방정식의 이산화 원리를 영상처리 알고리즘 설계에 직접 연결하는 통합적 수리 역량을 드러냄. 필터 크기 증가에 따른 이산화 정밀도 향상과 노이즈 민감도 증가의 상충 관계를 탐구함.",753,1598,_batch 활동 기반,"7. TF, TF-IDF 구성하여 단어구름 만들기 / 나만의 순서도 구성하기 / 18차시 CNN모델  필터 성분 분석하기",
30324,이승찬,B,55.0,✗,"하나의 의문에서 출발해 추상적 개념을 체계적으로 구조화하는 사고력이 돋보이는 학생임. '게임 속 인공지능은 어떻게 최적의 수를 두는가'라는 물음에서 출발해 역방향 귀납법을 탐구함. 완전정보 게임을 게임 트리로 추상화하고, 마지막 마디의 보상에서 시작해 루트 노드를 향해 거슬러 오르며 각 단계에서 차례에 따라 최댓값 또는 최솟값을 선택해 최적 전략을 결정하는 원리를 이해함. 미래에 확정된 결과를 현재의 선택 기준으로 되돌려 놓는다는 후방 귀납의 핵심을 정확히 파악함. 이를 알고리즘이 갖춰야 할 입력·출력·명확성·유한성·효율성의 조건에 비추어 점검하고, 게임 트리와 보상 입력 및 층위 초기화의 순차 구조, '누구의 차례인가'에 따라 최댓값·최솟값 연산이 갈리는 선택 구조, 루트에 도달할 때까지 층위를 거슬러 오르는 반복 구조로 분해해 순서도로 명세함. 하나의 전략 원리를 순차·선택·반복이라는 알고리즘의 기본 골격으로 재구성하는 과정에서 복잡한 개념을 실행 가능한 절차로 옮기는 역량이 드러남. 미래의 결과를 현재의 판단 기준으로 치환하는 후방 귀납의 수학적 사고를 스스로 구조화하고 그 타당성까지 점검하는 주도성을 보임. 원리의 근거를 스스로 묻고 답을 찾아가는 과정에서 수학적 사고의 깊이가 한층 성장하는 모습을 보임.",631,1564,"'게임 속 인공지능은 어떻게 최적의 수를 두는가'라는 의문에서 출발해 역방향 귀납법을 탐구함. 완전정보 게임을 게임 트리로 추상화하고, 마지막 마디의 보상에서 시작해 루트 노드를 향해 거슬러 오르며 각 단계에서 차례에 따라 최댓값 또는 최솟값을 선택해 최적 전략을 결정하는 원리를 이해함. 이를 알고리즘이 갖춰야 할 입력·출력·명확성·유한성·효율성의 조건에 비추어 점검하고, 게임 트리와 보상 입력 및 층위 초기화의 순차 구조, '누구의 차례인가'에 따라 최댓값·최솟값 연산이 갈리는 선택 구조, 루트에 도달할 때까지 층위를 거슬러 오르는 반복 구조로 분해해 순서도로 명세함. 미래의 결과를 현재의 판단 기준으로 치환하는 후방 귀납의 수학적 사고를 스스로 구조화하는 역량을 보임. 순서도 구성 과정에서 알고리즘의 흐름 제어 구조를 분석하였으며, 조건 분기(if-else)의 논리적 완전성을 명제 논리 p→q 형식으로 검증함. 반복 구조에서 루프 불변식(loop invariant)을 설정하여 종료 조건의 수학적 타당성을 확인하고, 입출력 관계를 함수 f:X→Y로 추상화하여 단사함수·전사함수 여부를 판별함. 알고리즘의 시간 복잡도를 빅-오(Big-O) 표기로 O(n), O(n log n), O(n^2) 등으로 분류하고, 구체적 입력 크기 n에 대해 연산 횟수를 계산하여 효율성을 수치로 비교 분석함. 기말고사(수학:인공지능 수학)에서 55.0점을 취득하였으며, 수업 활동 참여를 통해 인공지능수학의 주요 개념을 체득하는 과정에서 꾸준한 노력을 기울임.",757,1765,_batch 활동 기반,"논리집합 연산 카드 / 나만의 순서도 구성하기 / TF, TF-IDF 구성하여 단어구름 만들기",
30327,임채민,B,36.0,✗,"방법의 한계를 날카롭게 짚어내고 한 단계 높은 해법을 스스로 모색하는 역량이 돋보이는 학생임. TF-IDF 단어구름을 직접 만들어 빈도 기반 표현과의 차이를 분석함. 단순 빈도 단어구름은 조사·의존명사처럼 반복만 많은 단어를 강조하는 반면, TF-IDF는 특정 문서에만 두드러지는 '전고체·배터리·대표이사' 같은 단어에 높은 가중치를 부여해 핵심어를 드러냄을 비교해 설명함. 한 단어가 특정 문서에 집중될수록 크고 여러 문서에 흔할수록 작아지는 가중치의 구조를 정확히 이해함. 나아가 TF-IDF가 단어 가방 모형 위에서 작동해 단어 순서와 문맥을 반영하지 못하고 비슷한 뜻의 단어를 따로 세며 고차원 희소 벡터를 만든다는 한계를 지적하고, 이를 보완하고자 단어-문서 행렬에 특이값 분해를 적용하는 잠재의미분석(LSA)을 제안함. 행렬을 분해해 주요한 의미 축만 남긴다는 발상으로 문제를 재구성하는 사고가 관찰됨. 겉으로 다른 단어라도 비슷한 문맥에서 함께 쓰이면 의미적으로 가깝게 정리됨을 설명하여, 행렬 분해를 통한 의미 표현이라는 한 단계 높은 수학적 해법을 모색하는 역량을 보임. 단순한 결과에 만족하지 않고 원리의 약점을 파고들어 대안을 설계하는 탐구 태도가 우수함. 원리의 근거를 스스로 묻고 답을 찾아가는 과정에서 수학적 사고의 깊이가 한층 성장하는 모습을 보임.",658,1593,"TF-IDF 단어구름을 직접 만들어 빈도 기반 표현과의 차이를 분석함. 단순 빈도 단어구름은 조사·의존명사처럼 반복만 많은 단어를 강조하는 반면, TF-IDF는 특정 문서에만 두드러지는 '전고체·배터리·대표이사' 같은 단어에 높은 가중치를 부여해 핵심어를 드러냄을 비교해 설명함. TF-IDF가 단어 가방 모형 위에서 작동해 단어 순서와 문맥을 반영하지 못하고 비슷한 뜻의 단어를 따로 세며 고차원 희소 벡터를 만든다는 한계를 지적하고, 이를 보완하고자 단어-문서 행렬에 특이값 분해를 적용하는 잠재의미분석(LSA)을 제안함. 겉으로 다른 단어라도 비슷한 문맥에서 함께 쓰이면 의미적으로 가깝게 정리됨을 설명하여, 행렬 분해를 통한 의미 표현이라는 한 단계 높은 수학적 해법을 모색하는 역량을 보임. 순서도 구성 과정에서 알고리즘의 흐름 제어 구조를 분석하였으며, 조건 분기(if-else)의 논리적 완전성을 명제 논리 p→q 형식으로 검증함. 반복 구조에서 루프 불변식(loop invariant)을 설정하여 종료 조건의 수학적 타당성을 확인하고, 입출력 관계를 함수 f:X→Y로 추상화하여 단사함수·전사함수 여부를 판별함. 알고리즘의 시간 복잡도를 빅-오(Big-O) 표기로 O(n), O(n log n), O(n^2) 등으로 분류하고, 구체적 입력 크기 n에 대해 연산 횟수를 계산하여 효율성을 수치로 비교 분석함. 기말고사(수학:인공지능 수학)에서 36.0점을 취득하였으며, 지필 평가의 어려움에도 수업 중 탐구 활동과 수행평가에 성실하게 참여하여 인공지능수학의 실용적 역량을 함양함.",779,1791,_batch 활동 기반,"논리집합 연산 카드 / CNN모델  필터 성분 분석하기 / TF, TF-IDF 구성하여 단어구름 만들기 / 나만의 순서도 구성하기",
30430,최예준,B,90.0,○(최신보고서반영),"일상의 불편에서 문제를 발견하고 자료를 세심히 다듬어 결론에 이르는 성실한 탐구력을 지닌 학생임. 평소 통학 버스의 혼잡을 보고 '배차가 수요 시간대에 맞는가'를 물어 대전 301·918번의 시간대별 수요와 배차의 정합성을 분석함. 시간대별 승차 수요와 배차 횟수의 피어슨 상관계수를 구해 두 노선 모두 r≈0.54로 양의 관계는 있으나 충분히 비례하지 않음을 확인함. 상관계수가 두 양의 함께 움직이는 정도를 나타냄을 이해하고 그 크기로 정합성의 부족을 판단함. 하루 총 배차 T를 고정한 채 수요 비율대로 재배분하는 이상 배차 bᵢ=T·(dᵢ/Σdⱼ)를 설계하고, 소수로 나온 값을 내림한 뒤 소수부가 큰 시간대부터 채우는 최대잔여법으로 합이 정확히 T가 되도록 정수 보정하는 세심함을 보임. 총량을 보존하면서 비율대로 나누는 배분 원리를 정수 조건까지 고려해 엄밀히 처리함. 과부족 Δᵢ=aᵢ−bᵢ로 출퇴근 첨두의 공급 부족과 비첨두의 과잉을 정량화하고 불일치율 Σ|Δ|/T·RMSE·MAE로 검증함. 전처리에서 새벽 0값과 공휴일 오분류가 곡선을 왜곡하자 평일·휴일 분리 기준을 세워 해결하고, 정원 가정치의 한계를 인식해 절대값보다 반복되는 패턴과 상대 비교를 신뢰하는 신중한 분석 태도를 보임. 원리의 근거를 스스로 묻고 답을 찾아가는 과정에서 수학적 사고의 깊이가 한층 성장하는 모습을 보임.",674,1605,"대전 시내버스 배차가 실제 수요에 적정한지를 정량적으로 검증하고 수요 비례 이상 배차를 설계한 탐구 보고서를 제출함. 301번(정류장 100개)·918번(정류장 76개) 두 노선을 대상으로 공공데이터 포털 이용량·재차인원과 공식 시간표 배차를 2026년 6월 평일 4일 평균으로 결합한 분석 데이터셋을 직접 구축함. 혼잡도를 차내 재차인원÷정원(50명)×100으로 환산하고 노선 대표값은 최댓값 기준으로 적용하여, 301번 18시 혼잡도 122.0%(정원 초과)와 918번 최고 77%의 성격 차이를 구분함. 수요와 배차의 피어슨 상관계수를 산출하면 301번 r=0.5415(p=0.017)·918번 r=0.545(p=0.016)로 양의 유의 상관이 확인되나 1에 크게 못 미쳐 배차가 수요의 쌍봉(출근·퇴근) 변화를 충분히 반영하지 못함을 정량화함. 배차 최적화 모델의 핵심으로 하루 총 배차 T를 고정한 채 시간대 i의 이상 배차 bᵢ=T×(dᵢ/Σdⱼ), 과부족 Δᵢ=aᵢ−bᵢ를 정의하고, bᵢ가 소수로 나오는 경우 소수부가 큰 시간대부터 1씩 보정하는 최대잔여법으로 총합이 정확히 T가 되도록 정수화함. 검증 지표로 불일치율 Σ|Δ|÷T=301번 29.5%·918번 40.0%, RMSE=301번 2.58·918번 1.03, MAE=301번 2.00·918번 0.84를 산출하여 두 노선의 시급성이 서로 다른 지표에서 나타남을 확인함. 표본 4일의 한계를 스스로 명시하고 결과를 최종 결론이 아닌 개선 검토의 1차 근거로 한정하는 비판적 해석을 수행함.",762,1615,V2,보고서(대전 시내버스 배차 적정성 분석 — 301번·918번 사례),
30504,김준모,B,69.5,○(최신보고서반영),"수업에 꾸준히 참여하며 배운 내용을 실제 장치나 상황에 연결해 이해하려는 성실한 학생임. 논리회로 집합 활동에서 AND·OR·NOT 게이트가 각각 두 입력이 모두 참일 때만 참, 하나라도 참이면 참, 입력을 반대로 뒤집는 출력을 낸다는 점을 이해하고, 이를 명제의 논리 연산 및 집합의 교집합·합집합·여집합과 대응시켜 정리하려 노력함. 이를 통해 전기 신호로 구성된 회로가 명제의 참·거짓을 판정하는 논리 구조와 동일한 원리로 작동함을 파악하고, 여러 게이트의 조합이 복합 명제의 진위 판정에 해당함을 연결지어 사고하는 모습을 보임. 입력이 가질 수 있는 모든 경우를 빠짐없이 나열해 출력을 확인하려는 태도에서 경우를 체계적으로 따지는 사고의 기초가 엿보임. 추상적인 논리 규칙이 실제 연산으로 구현되는 과정을 살피며, 단순한 판정들이 모여 복잡한 조건을 처리하는 인공지능 연산의 기초 개념을 차근차근 익힘. 하나의 개념을 배울 때 그것이 다른 개념과 어떻게 이어지는지 스스로 짚어 보려는 태도가 관찰되며, 어려운 부분도 물러서지 않고 반복해 익히려는 끈기가 돋보임. 기본기를 착실히 다지는 성실함을 바탕으로 앞으로의 탐구에서 꾸준히 성장하리라 봄. 배운 개념을 흘려보내지 않고 스스로 정리해 자기 것으로 만들려는 성실한 자세가 꾸준히 관찰됨.",640,1567,"대전 지역 숨은 관광 명소 발굴 문제에 K-means 클러스터링과 마할라노비스 거리를 협력하여 탐구한 보고서를 제출함. 표준 K-means에서 유클리드 거리가 변수 간 공분산을 고려하지 못하는 한계를 지적하고, 화이트닝 변환 zi=Σ⁻¹/²(xi-x̄)을 통해 변환 후 공분산 행렬이 항등행렬이 됨(Cov(z)=Σ⁻¹/²ΣΣ⁻¹/²=I)을 직접 수식으로 검증함. 마할라노비스 거리 dM(xi,xj)=√((xi-xj)ᵀΣ⁻¹(xi-xj)) 기반 K-means++ 알고리즘을 구현하고, 초기 중심 선택 시 P(zi)=D(zi)²/Σ D(zj)²의 확률적 분산 초기화를 적용하여 지역 최적에 빠지는 위험을 줄임. 실루엣 계수 s(i)=(b(i)-a(i))/max{a(i),b(i)}를 K=2(0.5304), K=3(0.6073), K=4(0.6110)에 대해 각각 계산하고, 단일 관광지 군집 생성 문제를 고려하여 K=3을 최종 선택함. 추천보조점수=0.7×문화유산공인성정규화+0.3×숨은명소성정규화 수식에 따라 안동권씨유회당종가일원·옥류각·유회당사당(버스 0개)·남간정사·우암사적공원(버스 1개) 5곳을 숨은 명소로 도출함. 분산의 비등방성 문제를 화이트닝 변환으로 극복하고, 군집 개수 선택의 근거를 실루엣 계수 수치로 정량화하는 데이터 분석 역량을 발휘하였으며, 수학 수업에서 학습한 행렬과 분산-공분산 개념을 비지도 학습 알고리즘에 직접 적용하여 현실 추천 문제를 해결하는 통합적 수학적 사고를 보여줌.",730,1548,보고서 기반 고도화 ★★★,논리회로 집합,활동명 기반 작성(제출물 원문 미정독)·교사 검토·보완 요망
30609,김재민,B,71.0,○,"서로 다른 수학 분야를 자유로이 넘나들며 방법들을 비교·연결하는 폭넓은 통찰을 지닌 학생임. 황색망사점균의 도관 형성 원리로 대전 공영자전거망을 최적화하는 탐구에서 경사하강법과 선형대수 해법을 비교·연결함. 옵티마이저가 손실함수를 편미분한 기울기의 반대 방향으로 가중치를 반복 갱신하는 수치 근사임을 이해하되 국소 최적과 막대한 반복 비용의 한계를 지적함. 반복 근사가 지닌 약점을 명확히 인식하는 비판적 시각이 돋보임. 반면 점균 네트워크의 유량이 옴·푸아죄유 법칙처럼 압력차에 비례하고 각 노드에서 유입=유출의 질량 보존(키르히호프 법칙)을 만족함에 착안해 12개 거점의 관계를 12×12 대칭 행렬로 압축한 선형계 BP=A를 세움. 물리 법칙을 행렬 방정식으로 옮겨 문제를 선형계로 재구성하는 모델링 힘이 드러남. 이를 고급수학의 연립일차방정식 행렬해법을 일반화한 가우스 소거법으로 전방 소거해 상삼각행렬로 만든 뒤 후방 대입으로 압력 분포를 구하여, 경사하강법의 수천 번 반복과 달리 단 한 번의 결정론적 연산으로 유일해를 얻는 장점을 명확히 대비함. 두 접근의 원리적 차이를 정확히 짚으며, 미분방정식·행렬·최적화를 잇는 폭넓은 수학적 통찰을 보임. 원리의 근거를 스스로 묻고 답을 찾아가는 과정에서 수학적 사고의 깊이가 한층 성장하는 모습을 보임.",648,1598,"수학 개념을 구체적 데이터에 적용하며 이해를 검증하는 실증적 탐구 태도가 돋보이는 학생임. 논리집합 연산 카드 활동에서 진리표를 체계적으로 작성하고, CNN 필터 성분 분석에서 합성곱 필터 행렬이 이미지의 특정 방향 편미분을 근사하여 수평·수직·대각 경계를 각각 추출하는 수학적 구조를 분석함. 필터 행렬의 계수가 달라질 때 응답 이미지가 어떻게 변하는지 비교 실험하여 가중합의 방향성 효과를 수치로 확인함. 예측 추세선 및 오차함수 구하기 활동에서 주어진 데이터 쌍 (x_i,y_i)에 회귀직선 ŷ=ax+b를 적합하는 과정에서, 잔차제곱합 RSS=Σ(y_i−ax_i−b)²을 a와 b에 대해 각각 편미분하고 ∂RSS/∂a=0, ∂RSS/∂b=0으로 정규방정식을 세워 해석적으로 최적 계수를 결정하는 방법을 이해함. 오차함수가 (a,b) 공간에서 타원형 등고선을 가진 볼록 함수임을 파악하고, 경사하강법으로 수치적으로 최솟값을 탐색할 때 학습률과 수렴 속도의 관계를 분석함. CNN 합성곱 연산과 회귀 분석의 최적화가 모두 '파라미터에 대한 손실함수의 최솟값 탐색'이라는 동일한 수학 구조를 지님을 인식하며 단원 간 개념 통합 능력을 보임. 오차함수 탐구를 통해 손실의 의미를 기하학적으로 직관화하는 수학적 사고력이 탁월함. 회귀 잔차의 정규성과 등분산성 가정을 검토하여 모델의 통계적 타당성을 논거하며, CNN 합성곱과 최소제곱 최적화가 공통된 수학 구조를 지님을 인식하는 개념 통합 역량을 발휘함. 기말고사(수학:인공지능 수학)에서 71.0점(전체 평균 61.5점)을 취득하여 평균 이상의 학업 성취를 달성함. 수업에서 학습한 수학적 원리를 문제에 안정적으로 적용하는 능력을 보임.",831,1954,노션 수행평가 기반 고도화 ★★,순서도 문제 / 논리집합 연산카드 / 논라회로집합,
30715,변윤성,B,59.0,✗,"단원별 과제를 성실히 수행하며 서로 다른 영역의 개념을 두루 접해 보려는 폭넓은 관심을 지닌 학생임. 문제 해결 절차를 순차·선택·반복 구조의 순서도로 나타내는 활동에서 하나의 알고리즘이 차례대로 실행되는 흐름, 조건에 따라 경로가 갈라지는 흐름, 조건을 만족하는 동안 되풀이되는 흐름으로 분해됨을 이해하며 절차적 사고를 익힘. 복잡한 문제도 이 세 가지 기본 구조의 조합으로 나타낼 수 있음을 파악하려 노력함. 또한 합성곱 필터의 성분을 미분(차분) 기반의 경계 검출 원리로 살펴보는 활동을 수행하여, 이웃한 픽셀 사이의 밝기 차이가 곧 변화의 정도를 나타내고 그 차이를 강조하는 필터가 영상의 윤곽을 드러냄을 개념적으로 파악함. 밝기가 일정한 곳에서는 차이가 작아 반응이 약하고 경계에서는 차이가 커져 뚜렷이 드러난다는 원리를 연결지어 이해하려 함. 나아가 실생활 데이터를 전처리하고 통계·인공지능 모델로 분석하는 탐구에 참여하여, 원자료에 섞인 결측이나 오류를 정제하고 정리해 분석 가능한 형태로 다듬는 과정이 결과의 신뢰도를 좌우함을 접함. 여러 단원의 원리를 서로 연결지어 이해하려는 태도와 과제를 끝까지 마무리하는 성실함이 돋보이며, 기초 개념을 차근차근 다지는 자세가 앞으로의 심화 탐구에서 점진적 성장으로 이어지리라 봄.",635,1576,"단원별 과제를 수행하며 문제 해결 절차를 순차·선택·반복 구조의 순서도로 나타내는 활동을 수행함, 합성곱 필터의 성분을 미분(차분) 기반 경계 검출 원리로 살펴보는 활동을 수행함, 실생활 데이터를 전처리하고 통계·인공지능 모델로 분석하는 탐구에 참여함등 활동을 통해 인공지능 수학의 기초 개념을 차근차근 다룸. 순서도 구성 과정에서 알고리즘의 흐름 제어 구조를 분석하였으며, 조건 분기(if-else)의 논리적 완전성을 명제 논리 p→q 형식으로 검증함. 반복 구조에서 루프 불변식(loop invariant)을 설정하여 종료 조건의 수학적 타당성을 확인하고, 입출력 관계를 함수 f:X→Y로 추상화하여 단사함수·전사함수 여부를 판별함. 알고리즘의 시간 복잡도를 빅-오(Big-O) 표기로 O(n), O(n log n), O(n^2) 등으로 분류하고, 구체적 입력 크기 n에 대해 연산 횟수를 계산하여 효율성을 수치로 비교 분석함. CNN 모델 필터 분석을 통해 합성곱(convolution) 연산의 이산 근사 형태 (I*K)[i,j]=sum_m sum_n I[i+m,j+n]*K[m,n]을 직접 계산함. 3×3 커널 행렬에 대해 행렬 원소곱을 수행하고, 엣지 검출 필터의 라플라시안 연산자와의 수학적 동치성을 확인함. 활성화 함수 ReLU(x)=max(0,x)의 그래프를 그리고, 출력 특징 맵의 크기 (N-F+2P)/S+1을 구체적 수치 예시로 검증하며, 필터 채널 수와 파라미터 수의 관계를 계산함. 기말고사(수학:인공지능 수학)에서 59.0점을 취득하였으며, 수업 활동 참여를 통해 인공지능수학의 주요 개념을 체득하는 과정에서 꾸준한 노력을 기울임.",815,1772,_batch 활동 기반,18차시 CNN모델  필터 성분 분석하기 / 4. 순서도 문제 제출,활동명 기반 작성(제출물 원문 미정독)·교사 검토·보완 요망
30716,서하늘,B,58.0,○(최신보고서반영),"여러 단원의 활동에 두루 참여하며 배운 개념을 서로 연결지어 이해하려 노력하는 성실한 학생임. 논리 회로와 명제·집합의 대응을 다루는 활동에서 AND·OR·NOT 연산을 교집합·합집합·여집합에 견주어 이해하고, 명제의 참·거짓을 진리표로 정리하며 논리식의 동치를 따지는 활동을 통해 서로 다른 형태의 논리식이 모든 경우에서 같은 진리값을 가지면 동치임을 파악하려 노력함. 진리표에서 입력의 모든 경우를 빠짐없이 나열해 두 식의 출력이 일치하는지 확인하는 방법을 익히며 경우를 체계적으로 다루는 사고를 기름. 문제 해결 절차를 순차·선택·반복 구조의 순서도로 나타내는 활동에서는 알고리즘의 흐름을 차례·갈래·되풀이의 세 구조로 분해해 표현하는 절차적 사고를 익힘. 또한 단어빈도-역문서빈도(TF-IDF)로 문서 핵심어의 가중치를 구하는 활동을 수행하여, 한 문서에 자주 나오되 여러 문서에 흔한 단어일수록 가중치가 낮아지는 구조를 통해 중요한 낱말이 부각되고 흔한 기능어가 걸러지는 원리를 개념적으로 접함. 진리표와 순서도, 텍스트의 수치화를 넘나들며 개념을 적용해 보려는 폭넓은 태도가 관찰되며, 과제를 성실히 수행하는 자세가 앞으로의 학습에서 꾸준한 성장으로 이어지리라 봄. 배운 개념을 흘려보내지 않고 스스로 정리해 자기 것으로 만들려는 성실한 자세가 꾸준히 관찰됨.",655,1613,"대전 지역 숨은 관광 명소 추천 문제에 K-means 클러스터링과 마할라노비스 거리 기반 화이트닝 변환을 결합한 탐구 보고서를 제출함. 기존 K-means의 유클리드 거리가 변수 간 분산 차이와 상관관계를 무시하는 한계를 수식으로 분석하고, 공분산 행렬의 역행렬 제곱근을 활용한 화이트닝 변환 zi=Σ⁻¹/²(xi-x̄)을 적용하여 변환 후 Cov(z)=Σ⁻¹/²ΣΣ⁻¹/²=I가 되는 성질을 직접 유도함. 마할라노비스 거리 dM(xi,xj)=√((xi-xj)ᵀΣ⁻¹(xi-xj))에 기반한 K-means++ 알고리즘을 구현하고, 초기 중심점 선택 확률 P(zi)=D(zi)²/Σ D(zj)²에 따른 분산된 초기화를 적용함. 최적 클러스터 수 결정을 위해 실루엣 계수 s(i)=(b(i)-a(i))/max{a(i),b(i)}를 계산하여 K=2일 때 0.5304, K=3일 때 0.6073, K=4일 때 0.6110임을 확인하였으나, K=4는 단일 관광지 군집 생성 문제가 있어 K=3을 최종 선택함. 각 관광지의 추천보조점수=0.7×문화유산공인성정규화+0.3×숨은명소성정규화 수식으로 최종 순위를 산출하여, 상위 5곳으로 안동권씨유회당종가일원·옥류각·유회당사당(버스 0개)·남간정사·우암사적공원(버스 1개)을 선정함. 분산의 비등방성 문제를 화이트닝 변환으로 수학적으로 해결하고 실루엣 계수를 통한 모형 선택 근거를 정량적으로 제시하는 데이터 분석 역량을 발휘함.",707,1495,보고서 기반 고도화 ★★★,"논리회로 집합 / 진리표 카드 암호를 해독해 / TF, TF-IDF 단어구름 만들기 / 나만의 순서도 만들기",활동명 기반 작성(제출물 원문 미정독)·교사 검토·보완 요망
30717,서현우,B,90.5,✗,"지역 안전 문제를 데이터로 다루려는 관심을 가진 학생임. 대전 동구 하상주차장의 침수·사고 위험을 예측하는 모델을 구상하며, 위험을 하나의 지표로 나타내기 위해 강수·수위·이용량처럼 단위가 다른 변수를 정규화해 0과 1 사이로 맞추고 가중합으로 위험점수를 구성하는 아이디어를 세움. 위험이 높은 조건과 낮은 조건을 구분하는 문제를 예측·분류의 관점에서 이해하고, 실제값과 예측값의 차를 줄이는 방향으로 모델을 개선한다는 오차·손실의 기본 원리를 접함. 예측의 맞고 틀림을 표로 정리해 실제 위험을 놓치지 않는 정도와 불필요한 경보를 함께 살펴야 함을 인식하고, 여러 지표를 결합할 때 가중치에 따라 결과가 달라질 수 있음을 생각해 보는 등 자료에 근거해 위험을 정량화하려는 태도를 보임. 정규화가 x'=(x−최솟값)/(최댓값−최솟값)로 값을 0과 1 사이로 옮겨 서로 다른 단위를 공정히 더할 수 있게 함을 이해하고, 예측의 맞고 틀림을 참·거짓과 양성·음성으로 나눈 표에서 실제 위험을 놓친 경우와 잘못된 경보를 구분해 평가해야 함을 파악하는 통찰을 보임. 나아가 여러 위험요인을 하나의 점수로 합칠 때 각 요인의 중요도를 가중치로 반영하는 가중합의 아이디어를 이해하고, 자료가 쌓일수록 모델을 다시 학습해 예측을 개선하는 순환적 접근의 필요성까지 생각해 봄. 다양한 변수를 결합해 실제 지역 문제를 수학적으로 구조화하는 경험을 통해 꾸준히 성장하는 모습을 보여줌.",709,1738,"지역 안전 문제를 데이터로 다루려는 관심을 가진 학생임. 대전 동구 하상주차장의 침수·사고 위험을 예측하는 모델을 구상하며, 위험을 하나의 지표로 나타내기 위해 강수·수위·이용량처럼 단위가 다른 변수를 정규화해 0과 1 사이로 맞추고 가중합으로 위험점수를 구성하는 아이디어를 세움. 위험이 높은 조건과 낮은 조건을 구분하는 문제를 예측·분류의 관점에서 이해하고, 실제값과 예측값의 차를 줄이는 방향으로 모델을 개선한다는 오차·손실의 기본 원리를 접함. 순서도 구성 과정에서 알고리즘의 흐름 제어 구조를 분석하였으며, 조건 분기(if-else)의 논리적 완전성을 명제 논리 p→q 형식으로 검증함. 반복 구조에서 루프 불변식(loop invariant)을 설정하여 종료 조건의 수학적 타당성을 확인하고, 입출력 관계를 함수 f:X→Y로 추상화하여 단사함수·전사함수 여부를 판별함. 알고리즘의 시간 복잡도를 빅-오(Big-O) 표기로 O(n), O(n log n), O(n^2) 등으로 분류하고, 구체적 입력 크기 n에 대해 연산 횟수를 계산하여 효율성을 수치로 비교 분석함. 논리집합 연산에서 드 모르간의 법칙 (A∪B)^c=A^c∩B^c, (A∩B)^c=A^c∪B^c를 벤 다이어그램과 진리표 두 방식으로 동시에 증명하고, 집합 연산이 불리언 대수의 공리계를 만족함을 항등원·역원·분배법칙 측면에서 논증함. 논리연산 AND, OR, NOT, XOR을 0과 1의 이진 체계로 형식화하고, 진리표의 행 개수 2^n과 변수 수 n의 지수 관계를 분석하여 경우의 수를 일반화함. 기말고사(수학:인공지능 수학)에서 90.5점(100점 만점, 전체 평균 61.5점)을 취득하여 최상위권 학업 성취를 달성함. 인공지능수학의 고차적 수학 개념과 알고리즘 원리를 완벽에 가깝게 습득하였으며, 문제 해결 능력과 수학적 사고의 정밀도 면에서 탁월한 역량을 입증함.",920,2082,_batch 활동 기반,,활동명 기반(제출 원문 미정독) — 교사 검토 요망
30725,이정연,B,69.5,✗,"여러 활동에 꾸준히 참여하며 원리를 이해하려는 학생임. 예측 추세선과 오차함수 활동에서 데이터에 가장 잘 맞는 직선을 실제값과 예측값의 차인 잔차의 제곱합을 최소화하는 문제로 이해하고, 제곱을 쓰는 이유가 부호 상쇄를 막고 큰 오차에 더 큰 책임을 지우기 위함임을 파악함. 해밍 거리를 활용한 이미지 분류에서는 같은 길이의 두 부호에서 서로 다른 자리의 수로 거리를 정의하고 이를 분류 기준으로 삼는 원리를 익힘. CNN 필터 성분 분석에서 합성곱이 인접 화소의 가중합으로 경계를 강조함을 이해하고, TF-IDF 단어구름 활동에서 TF×log(N/DF)로 핵심어를 가려내는 가중 원리를 파악함. 우리 동네 문제 해결 활동에서는 지역 자료를 수집·분석해 해결 방안을 제안하는 과정을 경험하고, 순서도로 알고리즘의 제어구조를 표현함. TF-IDF에서 한 단어가 특정 문서에 자주 나올수록 TF가, 전체 문서 가운데 드물수록 log(N/DF)가 커져 두 값의 곱이 그 문서만의 핵심어를 부각함을 이해하고, 문서 사이 닮음을 재는 코사인·자카드 유사도의 차이도 함께 정리하며 개념을 폭넓게 연결함. 또한 순서도에서 판단 기호로 조건을 나누고 반복 기호로 같은 처리를 되풀이하는 구조가 알고리즘의 흐름을 명확히 드러냄을 이해하며, 여러 단원의 개념을 하나의 문제 해결 과정으로 엮어내는 힘을 보임. 다양한 활동을 통해 수학적 개념을 실제 문제에 연결하며 성장하는 모습을 보여줌.",710,1691,"인공지능 수학 탐구에서 최소제곱법의 수학적 원리를 심층적으로 탐구함. 잔차 제곱합 SSE=Σ(yᵢ−ŷᵢ)²를 최소화하는 조건을 편미분으로 유도하여 회귀계수를 구하고, 제곱 사용이 부호 상쇄 방지와 큰 오차에 대한 가중 책임을 부여하기 위함임을 수식으로 분석함. 해밍 거리 d(x,y)=Σ|xᵢ−yᵢ|를 이용한 이미지 분류에서 부호 간 차이를 정량화하는 원리를 탐구하고, 디지털 코딩 도구를 활용하여 지역사회 문제 해결 AI 모형을 설계함. 수학적 원리의 이해를 바탕으로 알고리즘을 직접 구현하는 탐구력이 뛰어남. 순서도 구성 과정에서 알고리즘의 흐름 제어 구조를 분석하였으며, 조건 분기(if-else)의 논리적 완전성을 명제 논리 p→q 형식으로 검증함. 반복 구조에서 루프 불변식(loop invariant)을 설정하여 종료 조건의 수학적 타당성을 확인하고, 입출력 관계를 함수 f:X→Y로 추상화하여 단사함수·전사함수 여부를 판별함. 알고리즘의 시간 복잡도를 빅-오(Big-O) 표기로 O(n), O(n log n), O(n^2) 등으로 분류하고, 구체적 입력 크기 n에 대해 연산 횟수를 계산하여 효율성을 수치로 비교 분석함. 논리집합 연산에서 드 모르간의 법칙 (A∪B)^c=A^c∩B^c, (A∩B)^c=A^c∪B^c를 벤 다이어그램과 진리표 두 방식으로 동시에 증명하고, 집합 연산이 불리언 대수의 공리계를 만족함을 항등원·역원·분배법칙 측면에서 논증함. 논리연산 AND, OR, NOT, XOR을 0과 1의 이진 체계로 형식화하고, 진리표의 행 개수 2^n과 변수 수 n의 지수 관계를 분석하여 경우의 수를 일반화함. 기말고사(수학:인공지능 수학)에서 69.5점(전체 평균 61.5점)을 취득하여 인공지능수학의 기본 개념을 이해하고 있음.",869,1932,_batch 활동 기반,,활동명 기반(제출 원문 미정독) — 교사 검토 요망
30803,김동현,B,79.5,○(최신보고서반영),"확률과 해석을 결합해 익숙한 개념을 새로운 관점에서 재해석하는 탐구력이 돋보이는 학생임. 해석적으로 적분하기 어려운 정적분을 확률적으로 추정하는 몬테카를로 적분을 탐구함. 구간 [a, b]에서 균등분포를 따르는 난수 표본 x₁, …, xₙ을 뽑아 함숫값의 표본평균을 구하면 표본 수가 커질수록 큰 수의 법칙에 의해 함수의 평균값에 수렴함을 이해하고, 여기에 구간 길이 (b−a)를 곱하면 적분의 근사 ∫ₐᵇ f(x)dx≈(b−a)·(1/n)Σf(xᵢ)가 됨을 직접 유도함. 적분을 넓이가 아니라 '평균값 곱하기 구간 길이'로 바라보는 관점의 전환을 스스로 이끌어 낸 점이 인상적임. 이 과정을 함수·구간·표본 수 입력의 순차 구조, 표본 수가 충분한지 판단하는 선택 구조, 부족하면 표본을 늘려 다시 추출하는 반복 구조로 분해해 순서도로 설계하고, 표본이 많아질수록 오차가 줄어드는 까닭을 통계적 수렴으로 설명함. 무작위 표본이 많아질수록 참값에 가까워진다는 큰 수의 법칙을 적분의 정확도와 연결짓는 사고가 관찰됨. 확률·통계와 해석을 결합해 적분을 새로운 관점으로 재해석하고, 그 과정을 실행 가능한 절차로 구조화하는 우수한 탐구력을 보임. 원리의 근거를 스스로 묻고 답을 찾아가는 과정에서 수학적 사고의 깊이가 한층 성장하는 모습을 보임.",639,1528,"대전 반도체 산단 조성에 따른 용수 수급 위기를 시계열 AI로 예측하고 해결 시나리오를 시뮬레이션한 탐구 보고서를 제출함(공동연구: 30120 이재혁). 대전시 2013~2024년 월별 정수생산량 144개와 하수처리 데이터를 학습에, 2025년 12개월 실측을 검증에 사용함. 전처리 단계에서 Isolation Forest(contamination=0.05)를 적용하여 이상 탐지 점수 Anomaly Score=2^(-E[h(x)]/c(n)) 기준으로 8개(5.6%) 이상값을 탐지하고, 정상 데이터(Score 평균 -0.473)와 이상값(Score 평균 -0.668)의 결정 경계 -0.620을 도출함. 이상값을 보정하지 않으면 2024년 하절기 급등값이 트렌드에 과다 반영되어 임계점이 앞당겨질 위험이 있음을 직접 비교로 검증함. auto_arima(AIC 기준 최적화)로 SARIMA(0,1,0)(1,0,1,12) 파라미터를 탐색하고, 임계점 판정식 D_total(t)=SARIMA예측값(t)×S_idx(1.0664)+ΔSC(90,000 m³/일), T*=argmin_t{D_total(t)>L(844,000 m³/일)}으로 물 부족 임계점을 2031년 5월로 산출함. 2025년 실측 연평균 605,141 m³/일이 예측 신뢰구간 내에 위치하여 예측 오차 0.47%로 검증됨. 해결책으로 2028년 완공 예정인 금고동 하수처리장(처리 용량 650,000 m³/일) 방류수의 13.8%만 반도체 산단 공업용수로 재이용하면 수리권 한계선을 초과하지 않고 위기를 완전히 해소할 수 있음을 시뮬레이션으로 도출함. Isolation Forest 원리 분석부터 SARIMA 계절 파라미터 탐색, 임계점 수식 설계, 실측 검증까지 AI 분석 파이프라인 전체를 체계적으로 수행하는 탐구 역량을 발휘함.",892,1696,V2,보고서(대전 반도체 산단 물 부족 임계점 예측 AI),
30805,김선민,B,80.5,✗,"긴급한 사회 문제를 수학적 도구로 정량화하려는 문제의식과 실용적 사고가 돋보이는 학생임. 교통 정체가 긴급차량의 골든타임을 위협하는 문제에 착안해, 대전시 교차로의 시간대별 교통량 데이터로 회피 경로 설계를 탐구함. 단순 통행량만이 아니라 도로 점유율이 높아 긴급차량의 양보 공간을 줄이는 대형 버스·중대형 화물차 등 중차량에 차별적 가중치를 부여하는 혼잡 가중치 수식을 직접 설계함. 같은 한 대라도 도로를 점유하는 정도가 다름을 반영해 차종별 영향을 다르게 매긴다는 발상에서 현실을 수식으로 옮기는 모델링 힘이 드러남. 변수마다 척도가 달라 생기는 왜곡을 막고자 전체 데이터의 최대값으로 나누는 정규화를 적용해 지표를 통일하고, 이를 통해 시간대별로 긴급차량이 피해야 할 병목 교차로를 정량적으로 선별함. 단위가 다른 값들을 같은 척도로 맞추어야 공정한 비교가 가능함을 정확히 이해함. 정적 최단거리 탐색이 시시각각 변하는 정체에 대응하지 못하는 한계를 인식해 시간대별 동적 혼잡도를 반영해야 함을 짚으며, 산출한 가중치를 긴급차량 우선 신호 시스템에 연계하는 활용 방안까지 제시함. 실생활 안전 문제를 가중치 설계와 정규화라는 수학적 도구로 정량화하고 활용까지 모색하는 주도적 태도를 보임.",613,1530,"교통 정체가 긴급차량의 골든타임을 위협하는 문제에 착안해, 대전시 교차로의 시간대별 교통량 데이터로 회피 경로 설계를 탐구함. 단순 통행량만이 아니라 도로 점유율이 높아 긴급차량의 양보 공간을 줄이는 대형 버스·중대형 화물차 등 중차량에 차별적 가중치를 부여하는 혼잡 가중치 수식을 직접 설계함. 변수마다 척도가 달라 생기는 왜곡을 막고자 전체 데이터의 최대값으로 나누는 정규화를 적용해 지표를 통일하고, 이를 통해 시간대별로 긴급차량이 피해야 할 병목 교차로를 정량적으로 선별함. 정적 최단거리 탐색이 시시각각 변하는 정체에 대응하지 못하는 한계를 인식해 시간대별 동적 혼잡도를 반영해야 함을 짚으며, 산출한 가중치를 긴급차량 우선 신호 시스템에 연계하는 활용 방안까지 제시함. 실생활 안전 문제를 가중치 설계와 정규화라는 수학적 도구로 정량화하는 태도를 보임. 순서도 구성 과정에서 알고리즘의 흐름 제어 구조를 분석하였으며, 조건 분기(if-else)의 논리적 완전성을 명제 논리 p→q 형식으로 검증함. 반복 구조에서 루프 불변식(loop invariant)을 설정하여 종료 조건의 수학적 타당성을 확인하고, 입출력 관계를 함수 f:X→Y로 추상화하여 단사함수·전사함수 여부를 판별함. 알고리즘의 시간 복잡도를 빅-오(Big-O) 표기로 O(n), O(n log n), O(n^2) 등으로 분류하고, 구체적 입력 크기 n에 대해 연산 횟수를 계산하여 효율성을 수치로 비교 분석함. 기말고사(수학:인공지능 수학)에서 80.5점(전체 평균 61.5점)을 취득하여 전체 평균을 크게 상회하는 우수한 학업 성취를 이룸. 인공지능수학의 핵심 개념을 깊이 이해하고 이를 문제에 정확히 적용하는 능력을 보임.",840,1974,_batch 활동 기반,,
30812,박경범,B,63.5,✗,"연이은 실패 앞에서도 물러서지 않고 스스로 방법을 고쳐 가며 끝까지 완성해 내는 끈기와 탐구력이 돋보이는 학생임. 쏟아지는 학교 공지의 알림 피로를 줄이고자 공지를 '행동이 필요한 공지(1)'와 '단순 안내(0)'로 자동 분류하는 모델을 설계함. 로그인 기반 플랫폼이라 requests로 수집이 차단되는 실패를 겪고, 크롬 개발자 도구로 쿠키·헤더를 분석해 cURL로 재현하는 방식으로 스스로 데이터 100건을 확보함. 막힌 지점의 원인을 분석해 다른 경로를 찾아내는 문제 해결력이 인상적임. 주관적 수동 라벨링이 규칙성을 떨어뜨리자 '신청·제출·마감' 등 핵심어 기준의 자동 라벨링으로 개선함. 텍스트를 TF-IDF로 수치화하며 IDF=log(N/(1+df))로 흔한 단어의 가중치를 낮추는 원리를 이해하고, 과적합을 줄이는 랜덤포레스트를 택해 B개 트리 평균의 분산이 공분산을 포함해 Var(Ȳ)=ρσ²+((1−ρ)/B)σ²로 감소함을 직접 유도함. 여러 모델의 평균이 왜 더 안정적인지를 분산의 감소로 설명하는 깊이가 돋보임. 정확도 75%, 행동 유도 공지의 정밀도 0.80·재현율 0.73을 산출하고 특성 중요도로 '신청' 등 판단 근거를 해석하며, 소표본·문맥 이해의 한계까지 짚어 2단계 개인화 필터로의 확장을 제안하는 우수한 탐구력을 보임. 원리의 근거를 스스로 묻고 답을 찾아가는 과정에서 수학적 사고의 깊이가 한층 성장하는 모습을 보임.",702,1610,"쏟아지는 학교 공지의 알림 피로를 줄이고자 공지를 '행동이 필요한 공지(1)'와 '단순 안내(0)'로 자동 분류하는 모델을 설계함. 로그인 기반 플랫폼이라 requests로 수집이 차단되는 실패를 겪고, 크롬 개발자 도구로 쿠키·헤더를 분석해 cURL로 재현하는 방식으로 스스로 데이터 100건을 확보함. 주관적 수동 라벨링이 규칙성을 떨어뜨리자 '신청·제출·마감' 등 핵심어 기준의 자동 라벨링으로 개선함. 텍스트를 TF-IDF로 수치화하며 IDF=log(N/(1+df))로 흔한 단어의 가중치를 낮추는 원리를 이해하고, 과적합을 줄이는 랜덤포레스트를 택해 B개 트리 평균의 분산이 공분산을 포함해 Var(Ȳ)=ρσ²+((1−ρ)/B)σ²로 감소함을 직접 유도함. 정확도 75%, 행동 유도 공지의 정밀도 0.80·재현율 0.73을 산출하고 특성 중요도로 '신청' 등 판단 근거를 해석하며, 소표본·문맥 이해의 한계까지 짚어 2단계 개인화 필터로의 확장을 제안하는 탐구력을 보임. 순서도 구성 과정에서 알고리즘의 흐름 제어 구조를 분석하였으며, 조건 분기(if-else)의 논리적 완전성을 명제 논리 p→q 형식으로 검증함. 반복 구조에서 루프 불변식(loop invariant)을 설정하여 종료 조건의 수학적 타당성을 확인하고, 입출력 관계를 함수 f:X→Y로 추상화하여 단사함수·전사함수 여부를 판별함. 알고리즘의 시간 복잡도를 빅-오(Big-O) 표기로 O(n), O(n log n), O(n^2) 등으로 분류하고, 구체적 입력 크기 n에 대해 연산 횟수를 계산하여 효율성을 수치로 비교 분석함. 기말고사(수학:인공지능 수학)에서 63.5점(전체 평균 61.5점)을 취득하여 인공지능수학의 기본 개념을 이해하고 있음.",853,1874,_batch 활동 기반,"18차시 CNN모델  필터 성분 분석하기 / 나만의 순서도 구성하기 / TF, TF-IDF 구성하여 단어구름 만들기",
30816,방승민,B,22.0,○(최신보고서반영),"익숙한 통념을 데이터로 검증하고 표본 규모에 맞게 방법을 조정하는 통계적 판단력이 우수한 학생임. '대전 타슈가 무료라서 인기 있다'는 통념을 4개 도시 공공자전거 대여이력(약 5천만 건) 비교로 검증함. 도시마다 자전거·정류장 수가 달라 단순 대여건수 비교가 불공정함을 인식해 회전율=대여건수÷운영일수÷평균거치대수로 지표를 표준화함. 규모가 다른 대상을 비교하려면 공통 척도가 필요함을 정확히 짚는 통찰이 돋보임. 요금·철도노선수·인구밀도를 독립변수로 단순 선형회귀 y=ax+b를 최소제곱법으로 적합하고, 결정계수 R²=1−SSE/SST와 피어슨 상관계수 r을 함께 산출해 R²=r²의 관계까지 코드로 확인함. 설명변동과 잔차변동의 비로 정의되는 결정계수가 상관계수의 제곱과 일치함을 직접 확인하며 두 지표의 관계를 원리적으로 이해함. 분석 결과 회전율과의 상관이 인구밀도(0.59)·철도(0.57)로 강하고 요금(0.28)은 약함을 근거로 인기의 본질이 요금이 아닌 도시 구조임을 밝힘. 특히 표본이 4개 도시뿐이라 처음 시도한 로지스틱 회귀가 과도하다고 스스로 판단해 객관적 수치 기반의 단순회귀·상관으로 방법을 재조정하는 등, 표본 규모에 맞게 모형을 선택하는 성숙한 통계적 판단력을 보임. 원리의 근거를 스스로 묻고 답을 찾아가는 과정에서 수학적 사고의 깊이가 한층 성장하는 모습을 보임.",670,1608,"서울·대전·창원·세종 4개 도시의 공공자전거 이용 패턴을 단순 선형회귀와 피어슨 상관분석으로 비교한 탐구 보고서를 제출함. 공공자전거의 이용 강도를 수치화하기 위해 회전율=대여건수÷운영일수÷평균거치대수 지표를 직접 설계하고 서울 2.43, 대전=창원 2.18으로 4개 도시의 회전율을 산출함. 이용에 영향을 미치는 요인으로 인구밀도·도시철도 노선 수·요금 세 변수를 설정하고 각 변수에 대해 단순 선형회귀를 적합하여 결정계수 R²를 산출함. R² 값은 인구밀도 0.349, 철도 노선 0.327, 요금 0.077 순으로, 인구밀도가 회전율 변동의 34.9%를 설명함을 확인함. 피어슨 상관계수도 인구밀도 r=+0.591, 철도 r=+0.572, 요금 r=+0.277 순으로 동일한 방향의 결과를 보여 두 지표의 일관성을 검증함. 표본 규모(4개 도시)의 제약을 인식하면서도 인구밀도와 도시철도 접근성이 요금보다 이용률에 훨씬 강한 영향을 미친다는 결론을 수치 근거로 도출함. 회전율이라는 복합 지표를 직접 설계하고, 동일 데이터에 R²와 피어슨 r 두 통계량을 대응시켜 결과의 견고성을 확인하는 통계적 사고를 발휘하였으며, 도시 간 비교를 통해 공공자전거 인기가 요금보다 도시 인프라 구조에 의해 결정됨을 수학적으로 검증함.",629,1455,보고서 기반 고도화 ★★★,"논리집합 연산 카드 / 나만의 순서도 구성하기 / 7. TF, TF-IDF 구성하여 단어구름 만들기",
30817,송리안,B,50.5,✗,"복잡한 실세계 문제를 수학적으로 엄밀히 정식화하고 명제를 직접 증명하는 깊이 있는 탐구력을 지닌 학생임. 어린이에게 최단경로가 늘 안전한 경로는 아니라는 문제의식에서, 대전 보행 도로망(노드 약 4.9만·구간 약 7만)을 그래프 G=(V,E)로 모델링해 안전 통학 경로 추천 시스템을 공동 설계함. 도로망을 점과 선의 관계로 추상화해 경로 문제로 옮기는 모델링 힘이 드러남. 서로 단위가 다른 사고·시설 변수를 최소-최대 정규화 x'=(x−min)/(max−min)로 통합하고 안전 증가 변수는 1−x'로 방향을 반전해 어린이 이동 제약 점수 CMCS를 가중합으로 구성함. 지표마다 좋고 나쁨의 방향이 다름을 인식해 부호를 맞추는 세심함을 보임. 경로 문제를 우회율 제약 L(P)≤B 아래 위험비용 C(P) 최소화인 자원제약 최단경로(RCSP)로 정식화하고, 두 목적의 상충을 파레토 지배로 정의해 A가 B를 지배하면 임의의 λ에서 Score_λ(A)≤Score_λ(B)임을 부등식 결합으로 증명하며 지배 제거가 최적해를 잃지 않는 가지치기임을 밝힘. 정의로부터 부등식을 결합해 명제를 증명하는 논리적 엄밀함이 돋보임. 개미군집최적화로 후보와 초기 상한을 만들고 파레토 라벨 보정 RCSP로 최적성을 인증하는 구조를 세워, 2.34% 우회로 위험을 24.09% 낮추는 결과를 도출함. 순수 ACO의 낮은 성공률을 근거로 최적성 주장을 RCSP에 한정하는 등 알고리즘의 역할을 엄밀히 구분하는 신중한 태도를 보임.",734,1663,"어린이에게 최단경로가 늘 안전한 경로는 아니라는 문제의식에서, 대전 보행 도로망(노드 약 4.9만·구간 약 7만)을 그래프 G=(V,E)로 모델링해 안전 통학 경로 추천 시스템을 공동 설계함. 서로 단위가 다른 사고·시설 변수를 최소-최대 정규화 x'=(x−min)/(max−min)로 통합하고 안전 증가 변수는 1−x'로 방향을 반전해 어린이 이동 제약 점수 CMCS를 가중합으로 구성함. 경로 문제를 우회율 제약 L(P)≤B 아래 위험비용 C(P) 최소화인 자원제약 최단경로(RCSP)로 정식화하고, 두 목적의 상충을 파레토 지배로 정의해 A가 B를 지배하면 임의의 λ에서 Score_λ(A)≤Score_λ(B)임을 부등식 결합으로 증명하며 지배 제거가 최적해를 잃지 않는 가지치기임을 밝힘. 개미군집최적화로 후보와 초기 상한을 만들고 파레토 라벨 보정 RCSP로 최적성을 인증하는 구조를 세워, 2.34% 우회로 위험을 24.09% 낮추는 결과를 도출함. 순수 ACO의 낮은 성공률을 근거로 최적성 주장을 RCSP에 한정하는 등 알고리즘의 역할을 엄밀히 구분하는 태도를 보임. 순서도 구성 과정에서 알고리즘의 흐름 제어 구조를 분석하였으며, 조건 분기(if-else)의 논리적 완전성을 명제 논리 p→q 형식으로 검증함. 반복 구조에서 루프 불변식(loop invariant)을 설정하여 종료 조건의 수학적 타당성을 확인하고, 입출력 관계를 함수 f:X→Y로 추상화하여 단사함수·전사함수 여부를 판별함. 알고리즘의 시간 복잡도를 빅-오(Big-O) 표기로 O(n), O(n log n), O(n^2) 등으로 분류하고, 구체적 입력 크기 n에 대해 연산 횟수를 계산하여 효율성을 수치로 비교 분석함. 기말고사(수학:인공지능 수학)에서 50.5점을 취득하였으며, 수업 활동 참여를 통해 인공지능수학의 주요 개념을 체득하는 과정에서 꾸준한 노력을 기울임.",926,2034,_batch 활동 기반,,
30822,이상찬,B,89.5,✗,"여러 수학 분야를 아우르며 명제를 스스로 증명해 나가는 대학 수준의 수학적 깊이를 지닌 학생임. 공영자전거 타슈의 수요-공급 불균형을 로지스틱 회귀와 황색망사점균 알고리즘을 결합해 최적화함. 여러 변수의 선형결합을 시그모이드에 통과시켜 고수요 확률 P를 구하고 0<P<1임을 e^(−z)>0으로 증명해 이를 점균의 먹이 강도로 치환함. 확률값이 항상 0과 1 사이에 놓임을 지수의 성질로 엄밀히 보이는 증명력이 돋보임. 12개 동을 노드로 한 그래프에서 유량 Q_ij=(D_ij/L_ij)(p_i−p_j)를 정의하고, 각 노드의 유입=유출이라는 키르히호프 유량 보존을 라플라시안 행렬식 A(D)p=b로 정리해 압력 분포를 구함. 보존 법칙을 행렬 방정식으로 옮기는 모델링 힘이 드러남. 도관 갱신식 D(t+1)=(1−ημ)D+η·g(|Q|)에서 초기값이 음이 아니면 항상 D≥0임을 수학적 귀납법으로 증명하고 평형에서 D=g(|Q|)/μ가 됨을 보임. 시간에 따른 변화식의 성질을 귀납으로 논증하는 엄밀함이 인상적임. 최종 연결 강도로 최적 배치 비율 R_i=W_i/ΣW_i를 정규화하고, 제곱오차 목적함수를 라그랑주 승수법으로 풀어 Q_i=R_i가 최적임을 유도함. 확률·선형대수·미분방정식·최적화를 아우르며 여러 명제를 직접 증명하는 대학 수준의 수학적 깊이를 보임. 원리의 근거를 스스로 묻고 답을 찾아가는 과정에서 수학적 사고의 깊이가 한층 성장하는 모습을 보임.",711,1614,"공영자전거 타슈의 수요-공급 불균형을 로지스틱 회귀와 황색망사점균 알고리즘을 결합해 최적화함. 여러 변수의 선형결합을 시그모이드에 통과시켜 고수요 확률 P를 구하고 0<P<1임을 e^(−z)>0으로 증명해 이를 점균의 먹이 강도로 치환함. 12개 동을 노드로 한 그래프에서 유량 Q_ij=(D_ij/L_ij)(p_i−p_j)를 정의하고, 각 노드의 유입=유출이라는 키르히호프 유량 보존을 라플라시안 행렬식 A(D)p=b로 정리해 압력 분포를 구함. 도관 갱신식 D(t+1)=(1−ημ)D+η·g(|Q|)에서 초기값이 음이 아니면 항상 D≥0임을 수학적 귀납법으로 증명하고 평형에서 D=g(|Q|)/μ가 됨을 보임. 최종 연결 강도로 최적 배치 비율 R_i=W_i/ΣW_i를 정규화하고, 제곱오차 목적함수를 라그랑주 승수법으로 풀어 Q_i=R_i가 최적임을 유도함. 확률·선형대수·미분방정식·최적화를 아우르며 여러 명제를 직접 증명하는 대학 수준의 수학적 깊이를 보임. 순서도 구성 과정에서 알고리즘의 흐름 제어 구조를 분석하였으며, 조건 분기(if-else)의 논리적 완전성을 명제 논리 p→q 형식으로 검증함. 반복 구조에서 루프 불변식(loop invariant)을 설정하여 종료 조건의 수학적 타당성을 확인하고, 입출력 관계를 함수 f:X→Y로 추상화하여 단사함수·전사함수 여부를 판별함. 알고리즘의 시간 복잡도를 빅-오(Big-O) 표기로 O(n), O(n log n), O(n^2) 등으로 분류하고, 구체적 입력 크기 n에 대해 연산 횟수를 계산하여 효율성을 수치로 비교 분석함. 기말고사(수학:인공지능 수학)에서 89.5점(전체 평균 61.5점)을 취득하여 전체 평균을 크게 상회하는 우수한 학업 성취를 이룸. 인공지능수학의 핵심 개념을 깊이 이해하고 이를 문제에 정확히 적용하는 능력을 보임.",898,1970,_batch 활동 기반,"논리집합 연산 카드 / CNN모델  필터 성분 분석하기 / 나만의 순서도 구성하기 / TF, TF-IDF 구성하여 단어구름 만들기",
30823,이승찬,B,36.5,✗,"사회 문제를 수학적 도구로 재해석하고 결과의 위상을 정직하게 자리매김하는 신중한 탐구력을 지닌 학생임. 집중호우 침수 문제를 배수시설 확충이 아닌 공공공간의 방재적 재배치 문제로 재해석해, 대전 서구 공원 140곳과 고교 17곳을 임시 빗물저류 후보지로 분석함. 문제를 다른 관점에서 다시 정의해 새 해법의 여지를 여는 발상이 돋보임. 단위가 다른 위험접근성·면적·인구·이용제약을 z=(값−평균)/표준편차로 표준화한 뒤 R=0.35z(위험접근성)+0.35z(면적)+0.20z(인구)−0.10z(이용제약)의 가중합, 곧 표준화 특징벡터와 가중치벡터의 내적으로 우선순위 지수를 설계함. 여러 지표의 가중합이 두 벡터의 내적으로 표현됨을 정확히 이해함. 운동장 면적 자료가 없는 학교는 완전모델에서 제외해 위치기반 보조점수로 분리하는 신중함을 보임. K-평균으로 군집 내 제곱합 J=ΣΣ‖x−중심‖²를 최소화해 후보지를 우선·보완·저효율 3유형으로 분류하고, 실루엣 점수 0.395를 근거로 예측 모델이 아닌 1차 선별 도구로 결과를 정직하게 자리매김함. 지표의 값으로 분석의 신뢰 수준을 스스로 한정하는 태도가 성숙함. 좌표·저류용량·표본의 한계를 명시하고 후속 개선까지 제시하는 등 표준화·가중합·군집화를 실제 방재 문제에 통합하는 탐구력을 보임.",641,1525,"집중호우 침수 문제를 배수시설 확충이 아닌 공공공간의 방재적 재배치 문제로 재해석해, 대전 서구 공원 140곳과 고교 17곳을 임시 빗물저류 후보지로 분석함. 단위가 다른 위험접근성·면적·인구·이용제약을 z=(값−평균)/표준편차로 표준화한 뒤 R=0.35z(위험접근성)+0.35z(면적)+0.20z(인구)−0.10z(이용제약)의 가중합, 곧 표준화 특징벡터와 가중치벡터의 내적으로 우선순위 지수를 설계함. 운동장 면적 자료가 없는 학교는 완전모델에서 제외해 위치기반 보조점수로 분리하는 신중함을 보임. K-평균으로 군집 내 제곱합 J=ΣΣ‖x−중심‖²를 최소화해 후보지를 우선·보완·저효율 3유형으로 분류하고, 실루엣 점수 0.395를 근거로 예측 모델이 아닌 1차 선별 도구로 결과를 정직하게 자리매김함. 좌표·저류용량·표본의 한계를 명시하고 후속 개선까지 제시하는 등 표준화·가중합·군집화를 실제 방재 문제에 통합하는 탐구력을 보임. 순서도 구성 과정에서 알고리즘의 흐름 제어 구조를 분석하였으며, 조건 분기(if-else)의 논리적 완전성을 명제 논리 p→q 형식으로 검증함. 반복 구조에서 루프 불변식(loop invariant)을 설정하여 종료 조건의 수학적 타당성을 확인하고, 입출력 관계를 함수 f:X→Y로 추상화하여 단사함수·전사함수 여부를 판별함. 알고리즘의 시간 복잡도를 빅-오(Big-O) 표기로 O(n), O(n log n), O(n^2) 등으로 분류하고, 구체적 입력 크기 n에 대해 연산 횟수를 계산하여 효율성을 수치로 비교 분석함. 기말고사(수학:인공지능 수학)에서 55.0점을 취득하였으며, 수업 활동 참여를 통해 인공지능수학의 주요 개념을 체득하는 과정에서 꾸준한 노력을 기울임.",845,1928,_batch 활동 기반,cnn,
30830,정재아,B,89.5,✗,"이미지와 텍스트 자료를 다루는 활동에 성실히 참여하는 학생임. 이미지 자료의 표현·처리 활동에서 이미지를 픽셀 밝기의 행렬로 나타내고 값의 범위를 맞추는 정규화의 필요성을 이해하며, CNN 필터 성분 분석에서 합성곱이 인접 화소의 가중합으로 이루어지고 중심과 주변의 차를 이용하는 필터가 밝기 변화가 큰 경계를 강조함을 설명함. 해밍 거리를 활용한 이미지 분류에서는 같은 길이의 두 부호가 서로 다른 자리의 수로 거리를 정의함을 이해하고 분류의 척도로 활용함. 텍스트 처리 및 분류와 TF-IDF 단어구름 활동에서는 문장을 단어로 나누어 수치화하고, 자주 나오되 흔치 않은 단어에 큰 가중치를 주는 TF×log(N/DF)의 원리와 문서 유사도의 개념을 익힘. 드모르간 법칙 ¬(A∩B)=¬A∪¬B를 진리표로 확인해 논리식 변형의 근거를 스스로 따져보고, 합성곱에서 필터가 인접 화소값에 가중치를 곱해 더하는 연산임을 이해하며, 중심 화소를 강조하고 주변을 빼는 필터가 밝기 변화가 급한 경계를 드러냄을 개념적으로 설명함. 나아가 이미지를 행렬로 다룰 때 각 원소가 밝기값에 대응하므로 행렬 연산이 곧 영상 처리로 이어짐을 이해하고, 여러 활동의 개념을 서로 연결지어 사고하는 폭넓은 태도를 보임. 논리집합 연산과 순서도 활동에서 드모르간 법칙과 순차·조건·반복의 제어구조를 익히며, 여러 활동을 통해 자료의 수학적 표현과 알고리즘적 사고를 두루 경험하며 꾸준히 성장하는 모습을 보여줌.",719,1738,"인공지능 수학 수업 전반에서 성실한 학습 태도를 유지함. 순차·선택·반복 구조를 순서도로 표현하는 활동에 참여하여 알고리즘의 흐름 제어 원리를 체득함. 확률 분포와 중심극한정리를 학습하며 표본 통계량이 모수를 추정하는 근거를 이해하고자 함. 행렬의 내적과 선형변환을 기하학적으로 연결하여 해석하는 과정에서 차원 변환이 데이터 분석에 어떻게 활용되는지 탐색하는 모습을 보임. 가중합과 시그모이드 함수를 통해 퍼셉트론의 수학적 구조를 파악하고 학습 원리와 연결하려는 노력이 엿보이는 학생임. 순서도 구성 과정에서 알고리즘의 흐름 제어 구조를 분석하였으며, 조건 분기(if-else)의 논리적 완전성을 명제 논리 p→q 형식으로 검증함. 반복 구조에서 루프 불변식(loop invariant)을 설정하여 종료 조건의 수학적 타당성을 확인하고, 입출력 관계를 함수 f:X→Y로 추상화하여 단사함수·전사함수 여부를 판별함. 알고리즘의 시간 복잡도를 빅-오(Big-O) 표기로 O(n), O(n log n), O(n^2) 등으로 분류하고, 구체적 입력 크기 n에 대해 연산 횟수를 계산하여 효율성을 수치로 비교 분석함. 논리집합 연산에서 드 모르간의 법칙 (A∪B)^c=A^c∩B^c, (A∩B)^c=A^c∪B^c를 벤 다이어그램과 진리표 두 방식으로 동시에 증명하고, 집합 연산이 불리언 대수의 공리계를 만족함을 항등원·역원·분배법칙 측면에서 논증함. 논리연산 AND, OR, NOT, XOR을 0과 1의 이진 체계로 형식화하고, 진리표의 행 개수 2^n과 변수 수 n의 지수 관계를 분석하여 경우의 수를 일반화함. 기말고사(수학:인공지능 수학)에서 89.5점(전체 평균 61.5점)을 취득하여 전체 평균을 크게 상회하는 우수한 학업 성취를 이룸. 인공지능수학의 핵심 개념을 깊이 이해하고 이를 문제에 정확히 적용하는 능력을 보임.",908,2067,_batch 활동 기반,,활동명 기반(제출 원문 미정독) — 교사 검토 요망
30908,김태환,B,55.0,✗,"필터의 성분이 왜 그렇게 정해지는지를 근본 원리까지 파고드는 탁월한 수학적 깊이를 지닌 학생임. 엠보스 필터의 성분이 왜 그렇게 정해지는지를 테일러 전개로 엄밀히 규명하는 수준 높은 탐구를 수행함. 영상 함수 I(x, y)가 매끄럽다고 가정하고 대각선 이웃 픽셀 I(x±Δ, y±Δ)를 2변수 테일러 급수로 전개한 뒤, 중심대칭인 두 전개식을 빼면 짝수 차수의 2차 미분항이 소거되어 대각선 차분이 방향 미분 (Iₓ+I_y)에 비례함을 보임. 함수의 국소 변화를 급수로 펼쳐 필요한 항만 남기는 접근에서 미분 개념을 자유롭게 다루는 힘이 드러남. 이때 남는 최대 오차항이 Δ가 아니라 Δ²에 비례하므로 중심차분이 '2차 정확도'를 가져 비대칭 1차 차분보다 오차가 빠르게 줄어듦을 논증함. 오차항의 차수를 근거로 방법의 정확도를 정량적으로 비교하는 엄밀함이 인상적임. 나아가 단일 대각 쌍은 노이즈에 취약하므로 수평·수직 차분 커널을 중첩해 평활화를 더하는 설계까지 제시하여, 정확도뿐 아니라 안정성까지 함께 고려하는 통찰을 보임. 수치미분의 정확도와 안정성을 이론적으로 분석하는 탁월한 수학적 깊이를 보임. 원리의 근거를 스스로 묻고 답을 찾아가는 과정에서 수학적 사고의 깊이가 한층 성장하는 모습을 보임. 결과에 이르는 과정을 스스로 검증하고 그 타당성을 따져 보는 신중함이 함께 관찰됨.",667,1605,"엠보스 필터의 성분이 왜 그렇게 정해지는지를 테일러 전개로 엄밀히 규명하는 수준 높은 탐구를 수행함. 영상 함수 I(x, y)가 매끄럽다고 가정하고 대각선 이웃 픽셀 I(x±Δ, y±Δ)를 2변수 테일러 급수로 전개한 뒤, 중심대칭인 두 전개식을 빼면 짝수 차수의 2차 미분항이 소거되어 대각선 차분이 방향 미분 (Iₓ+I_y)에 비례함을 보임. 이때 남는 최대 오차항이 Δ가 아니라 Δ²에 비례하므로 중심차분이 '2차 정확도'를 가져 비대칭 1차 차분보다 오차가 빠르게 줄어듦을 논증함. 나아가 단일 대각 쌍은 노이즈에 취약하므로 수평·수직 차분 커널을 중첩해 평활화를 더하는 설계까지 제시하여, 수치미분의 정확도와 안정성을 이론적으로 분석하는 탁월한 수학적 깊이를 보임. 순서도 구성 과정에서 알고리즘의 흐름 제어 구조를 분석하였으며, 조건 분기(if-else)의 논리적 완전성을 명제 논리 p→q 형식으로 검증함. 반복 구조에서 루프 불변식(loop invariant)을 설정하여 종료 조건의 수학적 타당성을 확인하고, 입출력 관계를 함수 f:X→Y로 추상화하여 단사함수·전사함수 여부를 판별함. 알고리즘의 시간 복잡도를 빅-오(Big-O) 표기로 O(n), O(n log n), O(n^2) 등으로 분류하고, 구체적 입력 크기 n에 대해 연산 횟수를 계산하여 효율성을 수치로 비교 분석함. 기말고사(수학:인공지능 수학)에서 55.0점을 취득하였으며, 수업 활동 참여를 통해 인공지능수학의 주요 개념을 체득하는 과정에서 꾸준한 노력을 기울임.",754,1717,_batch 활동 기반,"나만의 순서도 구성하기 / CNN모델  필터 성분 분석하기 / 7. TF, TF-IDF 구성하여 단어구름 만들기",
30911,박건,B,89.5,○(최신보고서반영),"평면 좌표의 거리와 미분 최적화라는 교과 개념을 대학 수준 알고리즘으로 확장하는 탁월한 수학적 깊이를 지닌 학생임. 대전 서구의 CCTV 사각지대를 줄이는 안심 지도를 주제로, 공공데이터의 CCTV 좌표 826개에서 입력 오류·중복을 정제해 748개를 확보하는 전처리부터 수행함. 분석에 앞서 자료의 신뢰성을 확보하는 전처리의 중요성을 정확히 인식함. K-평균 군집화의 목적함수를 군집 내 제곱합 J=ΣₖΣ‖xᵢ−μₖ‖²로 정의하고, 거리 제곱이 피타고라스 정리에서 비롯됨을 밝힌 뒤 '거리 제곱합을 최소로 하는 중심은 군집의 평균'임을 편미분 ∂J/∂μ=0으로 직접 유도함. 목적함수를 미분해 극값 조건을 세우는 최적화의 논리를 정확히 적용함. 나아가 2차 편미분이 2|Sₖ|>0이므로 그 평균이 전역 최소임을 보여 평균을 쓰는 근거를 엄밀히 증명함. 극값이 최소임을 2차 미분의 부호로 확인하는 엄밀함이 돋보임. 엘보우 방법으로 군집 내 제곱합의 기울기가 완만해지는 K=5를 선택하고, 사용자 위치에서 최근접 거점까지의 거리를 Min-Max 스케일링으로 0~100 안심 점수로 환산했으며 야간 가중치까지 반영함. 평면 좌표 거리와 미분 최적화라는 교과 개념을 대학 수준 알고리즘으로 확장해 실제 치안 문제에 적용하는 탁월한 수학적 깊이를 보임.",642,1516,"대전 서구 CCTV 사각지대를 분석하여 실시간 안심 가이드 지도를 구현하는 탐구를 수행함. 공공데이터 CCTV 좌표 826개에서 입력 오류·중복을 정제하여 748개를 확보하고, K-평균 목적함수 J=Σk Σ(x∈Sₖ)||x-μₖ||²를 설정한 뒤 군집 중심 μₖ에 대해 편미분 ∂Jₖ/∂μₖₓ=-2Σ(xᵢ-μₖₓ)=0을 풀면 산술평균이 최솟값을 달성함을 직접 증명하고, 2차 편미분 ∂²Jₖ/∂μₖₓ²=2|Sₖ|>0으로 전역 최솟값임을 확인하는 수학적 엄밀성을 보임. 최적 군집 수 K=5는 엘보우 기법의 SSE 변화로 결정하였으며, 임의 좌표의 안심 점수를 안심점수=max(0,min(100,round(100-D/ScaleFactor)))로 정의하여 CCTV 반경 50m 기준 거리 D에 따라 0~100으로 선형 변환함. 시간대별 체감 위험도를 D_adj=1.5×D(야간 21시~09시)·D_adj=1.0×D(주간)로 차등 적용하고 카카오맵 API와 연동하여 실시간 안심 경로를 시각화하는 데까지 탐구를 확장함. 보로노이 다이어그램과 K-평균 군집 경계가 동치임을 수학적으로 파악하여 신규 CCTV 추가 시 안심 점수 개선이 최대인 위치를 군집 경계 정보로 탐색하는 확장 탐구를 수행하고, 편미분 최솟값 증명부터 실시간 정책 시각화 구현까지 수학과 공학을 통합하는 역량이 두드러짐. 지역 주민 체감 안전도와 데이터 기반 분석 결과를 비교 검토하는 사회적 맥락 탐구도 수행함.",714,1533,_batch 활동 기반,"해밍거리구하기실습탐구활동 / 이미지 자료의 표현, 처리, 시각화 활동 / TF, TF-IDF 구성하여 단어구름 만들기 / 텍스트처리및분류(코랩) / 나만의순서도 / 순서도 문제 / 논리집합 연산카드",
30921,이소,B,40.0,✗,"새로운 개념을 적극적으로 받아들이며 탐구하는 학생임. 단어빈도-역문서빈도(TF-IDF)로 문서 핵심어의 가중치를 구하는 활동을 수행하여, 텍스트라는 비정형 자료가 수의 배열로 표현될 수 있음을 접하고, 한 단어가 특정 문서에 자주 나올수록 그리고 여러 문서에 두루 흔할수록 덜 중요해지는 관계를 단어빈도와 역문서빈도의 곱으로 파악해 흔한 기능어가 자동으로 걸러지는 원리를 개념적으로 이해하려 노력함. 자주 나오는 단어가 무조건 중요한 것은 아니며 그 문서에만 두드러지는 단어가 핵심어로 부각된다는 점을 곱의 구조로 설명하려는 시도가 관찰됨. 또한 실생활 데이터를 전처리하고 통계·인공지능 모델로 분석하는 탐구에 참여하여, 원자료에 섞인 결측이나 오류를 정리하고 분석 가능한 형태로 다듬는 전처리 과정이 결과의 신뢰도를 좌우함을 살핌. 정리되지 않은 자료가 분석 결과를 왜곡할 수 있음을 인식하고 자료를 꼼꼼히 다듬으려는 자세가 엿보임. 어려운 개념 앞에서도 물러서지 않고 차근차근 접근하려는 태도가 관찰되며, 배운 원리를 실제 자료에 적용해 보려는 관심이 돋보임. 기초를 착실히 쌓아 가는 성실함을 바탕으로 앞으로의 탐구에서 점진적으로 향상하는 모습을 보여 주리라 봄. 새로 배운 개념을 이전 지식과 연결지어 이해하려는 태도가 학습의 폭을 넓혀 줌.",643,1592,"교과 활동에 꾸준히 참여하며 단어빈도-역문서빈도(TF-IDF)로 문서 핵심어의 가중치를 구하는 활동을 수행함, 실생활 데이터를 전처리하고 통계·인공지능 모델로 분석하는 탐구에 참여함등 과제에 꾸준히 참여하는 성실함을 보임. TF-IDF 단어 중요도 분석에서 TF(t,d)=f(t,d)/sum_f(t,d), IDF(t)=log(N/df(t)) 수식을 실제 문서 집합에 적용하여 각 단어의 TF-IDF 값을 직접 계산함. 로그 함수의 밑이 문서 집합 크기에 따라 정보량 척도를 조절하는 원리를 정보이론의 엔트로피 H(X)=-sum p(x)log p(x)와 연결함. 단어 빈도 분포가 지프의 법칙 f(k)~1/k를 따름을 확인하고, 멱함수(power-law distribution)의 특성을 역수 함수 y=1/x 그래프와 비교하여 자연어의 통계적 패턴을 수학적으로 분석함. 수업 전반에 걸쳐 수학적 원리를 탐구하는 자세가 돋보였으며, 단순한 공식 암기를 넘어 각 알고리즘과 수식이 도출되는 과정을 논리적으로 추적함. 인공지능 모델에서 사용되는 행렬 연산, 확률 분포, 최적화 이론을 수학적 관점에서 분석하고, 이를 실제 구현과 연결하는 통합적 사고력을 보임. 특히 수학적 귀납법과 연역적 증명 방식을 활용하여 알고리즘의 정확성을 검증하고, 경계 조건(edge case)에서의 동작을 수학적으로 예측하는 능력을 발휘함. TF-IDF 단어 중요도 분석에서 TF(t,d)=f(t,d)/sum_f(t,d), IDF(t)=log(N/df(t)) 수식을 실제 문서 집합에 적용하여 각 단어의 TF-IDF 값을 직접 계산함. 로그 함수가 희귀 단어에 높은 가중치를 부여하는 수학적 원리를 지수함수의 역함수 관점에서 이해하고, 코사인 유사도 cos(θ)=A·B/(|A||B|)로 문서 간 유사성을 정량화함. 단어 벡터 공간에서 내적과 노름의 관계를 코시-슈바르츠 부등식으로 분석하여 유사도 값이 [-1,1]에 속함을 증명함.",954,2027,_batch 활동 기반,"TF, TF-IDF 구성하여 단어구름 만들기",활동명 기반 작성(제출물 원문 미정독)·교사 검토·보완 요망
31002,구승훈,B,69.0,○,"하나의 결론을 서로 독립적인 여러 방법으로 교차 검증하며 상관과 인과를 엄밀히 구분하는 성숙한 통계적 사고를 지닌 학생임. '어디가 개발이 많다더라'는 직관을 데이터로 검증하고자 대전·충남 124개 택지개발지구의 공간 패턴을 서로 독립적인 네 방법으로 교차 검증함. 한 방법의 결과를 다른 방법으로 뒷받침해 결론의 견고함을 높이는 태도가 돋보임. DBSCAN에서 ε-이웃 N_ε(p)={q:dist(p,q)≤ε}과 최소이웃수로 코어·경계·노이즈를 정의하는 원리를 이해하고, k-거리 그래프의 팔꿈치로 ε을 객관적으로 정하며 매개변수를 바꿔도 결론이 유지되는 강건성까지 확인함. 결과가 매개변수 선택에 흔들리지 않는지 점검하는 신중함이 인상적임. 커널밀도추정 f̂(x)=(1/nh)ΣK((x−xᵢ)/h)에서 n으로 나누는 이유(적분이 1)와 대역폭 h의 과적합·과평활 상충을 스스로 설명함. 단순 선형회귀는 잔차제곱합 S(β)를 편미분해 최소화하는 정규방정식으로 유도하고, 총변동=설명변동+잔차변동 분해가 교차항 소거로 성립함을 피타고라스 정리에 빗대어 통찰함. 변동의 분해를 직교 관계로 통찰하는 깊이가 돋보임. 나아가 무란지수·게티스오드 G*로 공간자기상관을, 쿡의 거리로 천안이라는 영향점의 강건성을 검토하며 상관과 인과를 구분하는 엄밀함을 보임.",644,1520,"확률 이론을 알고리즘으로 표현하는 독창적 탐구력이 돋보이는 학생임. 논리집합 연산 카드 활동에서 복합 논리연산의 진리표를 작성하고, 나만의 순서도 구상하기 활동에서 마르코프 체인을 주제로 선택하여 수업 범위를 자발적으로 확장하는 탁월한 학문적 열정을 보임. 유한 상태 집합 S={s_1,…,s_n}과 전이 확률 행렬 P=[p_{ij}]를 정의하고, 각 행의 합 Σ_j p_{ij}=1이 확률 분포를 유지하는 정규화 조건임을 데이터 검증 단계로 구현함. 현재 상태에서 균등 난수 u∈[0,1)를 생성하여 누적 전이확률과 비교하는 방식으로 다음 상태를 선택하는 시뮬레이션 알고리즘을 순서도로 정확히 표현함. 충분한 시행을 반복하면 임의 초기 분포 π_0에 무관하게 정상분포 πP=π에 수렴하는 수렴 정리를 반복문의 종료 조건과 연결하여 논증함. P^n의 수렴, 즉 행렬 거듭제곱이 장기 상태 분포를 수렴시키는 에르고딕 성질을 순서도의 반복 구조로 시각화함. 대부분 학생이 순서도를 단순 계산 절차로 구성하는 것과 달리, 확률론의 무기억성·정상분포·에르고딕 개념을 순서도로 완성도 높게 구현하는 수학적 독창성이 탁월함. 마르코프 체인의 시뮬레이션을 완성한 뒤 정상분포 수렴 속도가 전이 행렬의 두 번째로 큰 고유값 |λ_2|에 의해 결정된다는 스펙트럼 이론을 추가로 탐구하며, 수업 범위를 자발적으로 확장하는 깊은 수학적 열정을 보임. 확률론의 무기억성·정상분포·에르고딕 개념을 순서도로 시각화하는 탁월한 수학적 독창성이 인상적임. 기말고사(수학:인공지능 수학)에서 69.0점(전체 평균 61.5점)을 취득하여 인공지능수학의 기본 개념을 이해하고 있음.",810,1921,노션 수행평가 기반 고도화 ★★,나만의 순서도 구상하기 / 논리집합카드,
31004,김민채,B,61.0,✗,"모형의 가정과 한계를 비판적으로 검토하고 수학적 개선책을 모색하는 역량이 돋보이는 학생임. 텍스트를 수치화하는 단어빈도-역문서빈도(TF-IDF)의 원리를 정확히 이해함. 문서를 행, 단어를 열로 하는 행렬에서 한 단어가 특정 문서에 자주 나오되 여러 문서에 흔할수록 가중치가 낮아지는 구조를 단어빈도와 역문서빈도의 곱으로 설명하여 흔한 기능어가 자동으로 걸러지는 까닭을 명료히 제시함. 가중치가 두 요소의 곱으로 정해지는 구조를 정확히 파악해 원리를 설명하는 힘이 돋보임. 일반 단어구름과 TF-IDF 단어구름을 비교해 전자는 반복 빈도를, 후자는 주제 대표성을 강조함을 분석하고 핵심 쟁점어가 부각되는 현상으로 가중치의 효과를 해석함. 나아가 TF-IDF가 반어적 표현을 구분하지 못하는 한계를 동일 문장이 상반된 맥락에서 같게 처리되는 예로 날카롭게 지적함. 방법이 놓치는 지점을 구체적 반례로 짚어내는 비판적 시각이 인상적임. 단어를 개별적으로 세는 대신 긍정 표현과 부정 상황의 불일치 정도를 수치화해 새로운 특징으로 삼는 보완책을 제안하여, 한계를 인식하는 데 그치지 않고 이를 넘어설 수학적 개선책까지 모색하는 역량을 보임. 원리의 근거를 스스로 묻고 답을 찾아가는 과정에서 수학적 사고의 깊이가 한층 성장하는 모습을 보임.",635,1551,"텍스트를 수치화하는 단어빈도-역문서빈도(TF-IDF)의 원리를 정확히 이해함. 문서를 행, 단어를 열로 하는 행렬에서 한 단어가 특정 문서에 자주 나오되 여러 문서에 흔할수록 가중치가 낮아지는 구조를 단어빈도와 역문서빈도의 곱으로 설명하여 흔한 기능어가 자동으로 걸러지는 까닭을 명료히 제시함. 일반 단어구름과 TF-IDF 단어구름을 비교해 전자는 반복 빈도를, 후자는 주제 대표성을 강조함을 분석하고 핵심 쟁점어가 부각되는 현상으로 가중치의 효과를 해석함. 나아가 TF-IDF가 반어적 표현을 구분하지 못하는 한계를 동일 문장이 상반된 맥락에서 같게 처리되는 예로 날카롭게 지적하고, 단어를 개별적으로 세는 대신 긍정 표현과 부정 상황의 불일치 정도를 수치화해 새로운 특징으로 삼는 보완책을 제안함. 모형의 가정과 한계를 비판적으로 검토하고 수학적 개선책을 모색하는 역량을 보임. 순서도 구성 과정에서 알고리즘의 흐름 제어 구조를 분석하였으며, 조건 분기(if-else)의 논리적 완전성을 명제 논리 p→q 형식으로 검증함. 반복 구조에서 루프 불변식(loop invariant)을 설정하여 종료 조건의 수학적 타당성을 확인하고, 입출력 관계를 함수 f:X→Y로 추상화하여 단사함수·전사함수 여부를 판별함. 알고리즘의 시간 복잡도를 빅-오(Big-O) 표기로 O(n), O(n log n), O(n^2) 등으로 분류하고, 구체적 입력 크기 n에 대해 연산 횟수를 계산하여 효율성을 수치로 비교 분석함. 기말고사(수학:인공지능 수학)에서 61.0점(전체 평균 61.5점)을 취득하여 인공지능수학의 기본 개념을 이해하고 있음.",797,1840,_batch 활동 기반,"TF, TF-IDF 구성하여 단어구름 만들기 / 순서도 문제 제출 / CNN모델  필터 성분 분석하기",
31011,박성욱,B,84.5,○(최신보고서반영),"교과 활동에 빠짐없이 참여하며 여러 단원의 개념을 두루 익히려는 꾸준함이 돋보이는 학생임. 논리 회로와 명제·집합의 대응을 다루는 활동에서 AND·OR·NOT 연산을 교집합·합집합·여집합에 견주어 이해하고, 집합의 합·교·차집합과 드모르간 법칙을 논리 연산으로 표현하는 활동에 참여하여 교집합의 여집합이 여집합의 합집합과 같고 합집합의 여집합이 여집합의 교집합과 같다는 관계를 논리식으로 옮겨 보며 집합과 명제의 언어가 서로 대응됨을 파악하려 노력함. 벤 다이어그램으로 영역을 나누어 두 표현이 같은 결과를 가리킴을 확인하려는 시도가 관찰됨. 문제 해결 절차를 순차·선택·반복 구조의 순서도로 나타내는 활동에서는 알고리즘의 흐름을 차례·갈래·되풀이의 세 구조로 분해해 표현하는 절차적 사고를 익히며, 복잡한 문제가 기본 구조의 조합으로 표현됨을 파악함. 또한 단어빈도-역문서빈도(TF-IDF)로 문서 핵심어의 가중치를 구하는 활동을 수행하여 텍스트가 수치로 표현되는 원리와 흔한 단어의 가중치가 낮아지는 구조를 접함. 여러 단원을 넘나들며 개념을 연결지어 이해하려는 폭넓은 관심과 과제에 성실히 임하는 태도가 관찰되며, 기초를 착실히 다지는 꾸준함을 바탕으로 앞으로의 학습에서 점진적으로 성장하리라 봄.",617,1528,"대전 타슈 공영자전거 1,310개 정류소의 이용 패턴을 PCA와 K-평균 군집화로 분석하는 탐구를 수행함. 변수 간 단위 차이를 해소하기 위해 z=(x-μ)/σ로 표준화한 뒤 공분산행렬 S=(1/(n-1))Z^TZ를 구성하고, 분산을 최대화하는 투영 방향 w를 라그랑주 승수법 L(w,λ)=w^TSw-λ(w^Tw-1)으로 최적화하면 ∂L/∂w=2Sw-2λw=0이 되어 고유값 방정식 Sw=λw로 귀결됨을 단계적으로 유도함. 고유값이 해당 주성분이 설명하는 분산량과 같음을 증명하고, 상위 4개 고유벡터(주성분)가 전체 분산의 81%를 보존함을 누적 기여율로 확인하여 PC1을 '고수요 근거리 생활이동축', PC2를 '평일오전 반납·도착지축', PC3을 '장거리 주말여가축', PC4를 '저녁 대여형축'으로 해석함. K-평균 군집 수는 실루엣 계수 s=(b-a)/max(a,b)가 K=4(전체 실루엣=0.3022)에서 최대임을 근거로 결정, 1,310개 정류소를 장거리·외곽형(164개)·일반생활권형(818개)·핵심거점형(108개)·직장·평일도착지형(216개)의 네 군집으로 분류하고 군집별 인프라 투자 우선순위를 수학적 근거와 함께 제안함. 차원 축소 전후 정류소 간 유클리드 거리 보존율을 비교 검증하고, 고차원 공간의 K-평균 결과와 주성분 공간의 결과를 실루엣 계수로 비교하여 차원 축소의 효과를 정량적으로 평가하며 라그랑주 최적화에서 군집 의미 도출까지 자기주도적 탐구를 수행하는 역량이 탁월함.",729,1583,_batch 활동 기반,"논리연산자 / 논리회로 집합 / 순서도 / TF, TF-IDF 구성하여 단어구름 만들기",활동명 기반 작성(제출물 원문 미정독)·교사 검토·보완 요망
31032,최민준,B,36.0,✗,"실생활의 비효율 문제를 행렬과 최적화로 옮겨 해결하고 그 한계까지 짚어내는 탐구력을 지닌 학생임. 가정 폐의약품 수거 차량의 비효율적 동선 문제를 역물류 최적 경로 설계로 해결하고자, 유성구 20개 거점(보건소·행정복지센터·약국)을 좌표로 변환해 분석함. 현실의 지점들을 좌표로 옮겨 계산 가능한 문제로 만드는 모델링 힘이 드러남. 두 지점의 위도·경도 차를 제곱해 더하고 제곱근을 취하는 유클리드 거리가 피타고라스 정리에서 비롯됨을 밝히고, 모든 거점 쌍의 거리를 20×20 거리 행렬로 구성함. 거리 계산의 근거를 교과 정리에서 찾아 연결짓는 태도가 관찰됨. 총 이동 거리를 최소화하는 목적함수를 거리와 이동 여부를 나타내는 이진 결정변수의 곱의 총합으로 정의하고, 현재 위치에서 미방문 거점 중 거리가 최소인 곳을 택하는 탐욕 알고리즘을 적용하되 방문한 거점의 거리를 무한대로 두어 중복을 수학적으로 차단함. 조건을 수식으로 강제해 논리적 제약을 구현하는 발상이 돋보임. 산출된 순환 경로를 좌표평면에 시각화해 교차·꼬임 없는 동선이 도출됨을 확인함. 직선거리라 실제 도로망·적재량 가중치를 반영하지 못한 한계를 인식하고 내비 거리·용량 가중 반영으로의 발전을 제안하는 등, 행렬과 최적화를 실제 물류 문제에 적용하는 탐구력을 보임.",637,1568,"가정 폐의약품 수거 차량의 비효율적 동선 문제를 역물류 최적 경로 설계로 해결하고자, 유성구 20개 거점(보건소·행정복지센터·약국)을 좌표로 변환해 분석함. 두 지점의 위도·경도 차를 제곱해 더하고 제곱근을 취하는 유클리드 거리가 피타고라스 정리에서 비롯됨을 밝히고, 모든 거점 쌍의 거리를 20×20 거리 행렬로 구성함. 총 이동 거리를 최소화하는 목적함수를 거리와 이동 여부를 나타내는 이진 결정변수의 곱의 총합으로 정의하고, 현재 위치에서 미방문 거점 중 거리가 최소인 곳을 택하는 탐욕 알고리즘을 적용하되 방문한 거점의 거리를 무한대로 두어 중복을 수학적으로 차단함. 산출된 순환 경로를 좌표평면에 시각화해 교차·꼬임 없는 동선이 도출됨을 확인함. 직선거리라 실제 도로망·적재량 가중치를 반영하지 못한 한계를 인식하고 내비 거리·용량 가중 반영으로의 발전을 제안하는 등, 행렬과 최적화를 실제 물류 문제에 적용하는 탐구력을 보임. 논리집합 연산에서 드 모르간의 법칙 (A∪B)^c=A^c∩B^c, (A∩B)^c=A^c∪B^c를 벤 다이어그램과 진리표 두 방식으로 동시에 증명하고, 집합 연산이 불리언 대수의 공리계를 만족함을 항등원·역원·분배법칙 측면에서 논증함. 논리연산 AND, OR, NOT, XOR을 0과 1의 이진 체계로 형식화하고, 진리표의 행 개수 2^n과 변수 수 n의 지수 관계를 분석하여 경우의 수를 일반화함. 기말고사(수학:인공지능 수학)에서 36.0점을 취득하였으며, 지필 평가의 어려움에도 수업 중 탐구 활동과 수행평가에 성실하게 참여하여 인공지능수학의 실용적 역량을 함양함.",787,1858,_batch 활동 기반,진리표 카드 암호,
30104,김민준,C,74.0,✗,"텍스트 자료를 수치로 정형화하는 과정에 남다른 흥미를 갖고 스스로 코드를 설계하며 원리의 근거까지 파고드는 학생임. 단어구름을 직접 구현하여 빈도 기반 표현과 TF-IDF 표현의 차이를 단계적으로 분석함. 일반 단어구름이 '관심·주의'처럼 단순히 자주 등장한 단어를 크게 키우는 방식임을 확인한 뒤, TF-IDF는 IDF=log(N/DF)로 전체 문서 수 N을 문서빈도 DF로 나눈 값에 로그를 취해, 흔한 단어일수록 가중치를 급격히 줄이는 로그 스케일 페널티를 부여함을 계산 과정과 함께 해석함. 이때 로그 함수가 큰 입력에 대해 완만하게 증가하는 성질이 흔한 단어의 영향력을 자연스럽게 억제한다는 점까지 스스로 짚어냄. 이를 통해 '식량·생산·수급·위기'처럼 변별력 있는 핵심어가 부각되는 원리를 논리적으로 설명하고, 두 방식에서 공통으로 크게 나온 단어가 높은 TF와 높은 IDF를 함께 갖춘 본질적 키워드임을 추론함. 나아가 TF-IDF가 빈도에 비례해 중요도가 무한히 커지는 한계를 스스로 지적하고, 이를 보완하는 BM25가 분자와 분모에 빈도를 함께 배치하여 값이 k₁+1로 수렴하도록 포화시키는 구조와, 문서 길이를 평균 길이로 나눈 비 |d|/avgdl로 문서 길이의 차이를 정규화하는 원리를 수식으로 분해하여 해석함. 정보 검색의 가중치 설계를 수렴성과 정규화라는 관점에서 통합적으로 이해하고, 각 수식이 왜 그런 형태를 갖는지를 스스로 되물으며 탐구를 심화하는 우수한 분석력과 주도성을 발휘함.",734,1724,"텍스트를 수치화하는 단어구름을 직접 코드로 구현하며 빈도 기반과 TF-IDF 표현의 차이를 분석함. 일반 단어구름이 '관심·주의'처럼 단순히 자주 나온 단어를 키우는 반면, TF-IDF는 IDF=log(N/DF)로 흔한 단어에 로그 스케일 페널티를 주어 '식량·생산·수급·위기' 같은 변별력 있는 핵심어를 부각함을 비교해 설명함. 또한 두 방식에서 공통으로 크게 나온 단어가 높은 TF와 높은 IDF를 모두 갖춘 본질적 키워드임을 추론함. TF-IDF가 단어 빈도에 비례해 중요도가 무한히 커지는 한계를 지적하고, 이를 보완하는 BM25가 분자·분모에 빈도를 함께 두어 값이 k₁+1에 수렴하도록 포화시키고 문서 길이를 평균 길이로 나눈 비 |d|/avgdl로 정규화함을 수식으로 해석함. 정보 검색의 가중치 설계를 수렴성과 정규화의 관점에서 이해하는 우수한 분석력을 보임. 순서도 구성 과정에서 알고리즘의 흐름 제어 구조를 분석하였으며, 조건 분기(if-else)의 논리적 완전성을 명제 논리 p→q 형식으로 검증함. 반복 구조에서 루프 불변식(loop invariant)을 설정하여 종료 조건의 수학적 타당성을 확인하고, 입출력 관계를 함수 f:X→Y로 추상화하여 단사함수·전사함수 여부를 판별함. 알고리즘의 시간 복잡도를 빅-오(Big-O) 표기로 O(n), O(n log n), O(n^2) 등으로 분류하고, 구체적 입력 크기 n에 대해 연산 횟수를 계산하여 효율성을 수치로 비교 분석함.",725,1607,_batch 활동 기반,"순서도 문제 풀이 (7문제) / 논리집합 연산 카드 제출 / 논리회로 집합 (게임) / 논리집합 연산 카드 제출(수정) / 18차시 CNN모델  필터 성분 분석하기 / 18차시 CNN 모델 필터 성분 분석하기 / 7. TF, TF-IDF 구성하여 단어구름 만들기 / 나만의 순서도 만들기",
30225,이준석,C,78.0,○(최신보고서반영),"수학을 실제 공간 문제에 적용하려는 관심과 협업 태도가 돋보이는 학생임. 이동수업에서 학생이 특정 복도·계단에 몰리는 문제를 줄이고자 교실·계단을 노드로, 이동 구간을 간선으로 삼아 학교 공간을 그래프 G=(V,E)로 모델링하고 실측 이동시간을 간선 가중치로 부여함. 물리적 거리가 아니라 평상시 이동시간의 합 T(P)=Σcₑ를 경로 비용으로 정의하는 관점을 세우고, 다익스트라 알고리즘이 dist(v)>dist(u)+w(u,v)일 때 값을 갱신하며 최소 이동시간 경로를 찾는 원리를 정확히 설명함. 플로이드-워셜의 점화식 Dᵏ[i,j]=min(Dᵏ⁻¹[i,j], Dᵏ⁻¹[i,k]+Dᵏ⁻¹[k,j])과 비교해 세 방식의 최소값이 일치함을 확인하되 실측 실행시간이 더 빠른 캐시 다익스트라를 택하는 등 이론과 실측을 함께 저울질하는 신중함을 보임. 시간대별 통행량이 수용 인원을 넘는 구간을 병목으로 판정해 누적 혼잡 부담 H=ΣΣ(bₑ−cₑ)Lₑ를 목적함수에 반영하고, 시뮬레이티드 어닐링에서 나빠지는 배치도 확률 exp(−Δ/T)로 수용하며 온도를 T'=0.995T로 식혀 국소 최적에 갇히지 않도록 초반에는 넓게 탐색하고 후반에는 정밀하게 수렴시키는 원리로 준최적 배치를 탐색해 평균 이동시간과 병목·장거리 이동을 함께 낮추는 성과를 거둠. 알고리즘의 원리와 한계를 균형 있게 다루는 탐구력을 발휘함.",675,1545,"학교 이동수업 시 학생의 이동 시간 최소화 문제를 그래프 이론으로 모델링하고 시뮬레이티드 어닐링으로 최적화한 보고서를 작성함. 학교 건물을 노드, 이동 가능한 통로를 엣지로 정의하는 그래프 G=(V,E)를 구성하고 경로 P의 총 이동 비용을 T(P)=Σ(e∈P)cₑ로 수식화함. 교실 간 최단 경로 계산에 Dijkstra 알고리즘(dist(v)=min(dist(v), dist(u)+w(u,v)))과 Floyd-Warshall 알고리즘(Dᵏ[i,j]=min(Dᵏ⁻¹[i,j], Dᵏ⁻¹[i,k]+Dᵏ⁻¹[k,j]))을 모두 구현하여 성능을 비교하고, Cached Dijkstra는 반복 평균 0.004695초, Floyd-Warshall은 0.017760초임을 실험으로 확인함. 복도·계단 등 특정 구간의 혼잡을 정량화하기 위해 병목 부담 함수 H=ΣᵣΣₑ(bₑ-cₑ)×Lₑ,ᵣ를 직접 설계하고, 평균 이동시간·최대값·표준편차·장거리 이동·계단 수·혼잡 부담·병목 간선 수를 가중치로 조합한 목적함수 F=1.0×평균+1.5×최대+0.7×σ+2.0×장거리+0.3×계단+0.01×혼잡+10×병목간선을 설계함. 시뮬레이티드 어닐링으로 이 목적함수를 최소화하되 초기 온도 100에서 냉각 계수 α=0.995로 온도를 낮추며 확률적 수락 메커니즘 P(채택)=exp(-Δ/T)로 탐색 범위를 좁혀감. 최적화 결과 평균 이동시간이 52.28초에서 49.16초로 5.97% 감소하였고, 장거리 이동(25분 이상) 건수가 2,672건에서 2,202건으로 470건 줄었으며 병목 간선도 30개에서 28개로 감소하는 성과를 거둠. 두 알고리즘의 성능 차이를 실험으로 수치화하고, 복잡한 가중 목적함수를 직접 설계하는 과정에서 알고리즘 설계 역량과 수학적 모델링 능력을 발휘함.",871,1775,보고서 기반 고도화 ★★★,,
30323,이승빈,C,70.5,○,"여러 수행 과제에 성실히 임하며 인공지능 수학의 기초 개념을 차근차근 자기 것으로 만들어 가려 노력하는 학생임. 집합의 합집합·교집합·차집합을 논리 연산으로 대응시키고, 여집합의 분배 관계인 드모르간 법칙을 논리식으로 표현하는 활동에 참여하여 집합의 연산과 명제의 논리가 서로 짝을 이루는 원리를 이해하고자 함. 합집합이 논리합에, 교집합이 논리곱에 대응된다는 구조를 살피며 두 영역이 같은 논리로 연결됨을 파악하려 노력함. 이어 문제 해결의 절차를 순서대로 진행하는 순차 구조, 조건에 따라 흐름이 갈라지는 선택 구조, 같은 처리를 되풀이하는 반복 구조로 구분하고, 이를 기호로 연결한 순서도로 나타내는 활동을 수행하며 알고리즘적 사고의 기초를 다짐. 하나의 문제를 작은 단계로 나누어 흐름을 설계하는 과정에서 절차적 사고의 필요성을 체감함. 단원별로 제시되는 수학 원리를 놓치지 않고 정리하려는 태도가 돋보였으며, 새로 접하는 논리 표현과 절차적 사고의 개념을 서두르지 않고 하나씩 이해하려 꾸준히 노력함. 각 활동에서 요구되는 수학적 원리를 성실히 익히고 주어진 과제를 끝까지 완수하려는 태도가 한결같았으며, 기초 개념을 차분히 쌓아 올리며 이해의 폭을 넓혀 가는 학습 자세가 점진적으로 성장하는 모습을 보여줌.",625,1553,"수학적 모델링으로 생활 속 불편을 해결하려는 창의적 문제의식이 돋보이는 학생임. 논리집합 연산 카드와 순서도 활동에서 이진 논리연산의 진리표와 알고리즘 제어구조를 성실히 이수함. 순서도 문제 제출 활동에서 복잡한 조건 분기를 논리적으로 구성하는 능력을 보임. 나아가 '하굣길 통학 봉고 위치 혼동 문제의 정보 탐색 비용 모델링과 AI 기반 해결방안 설계' 탐구에서 학생들이 여러 봉고 중 자신의 차량을 찾는 과정을 기대 탐색 비용 함수 C(n)=Σ_{i=1}^{n} p_i×d_i (p_i: i번째 봉고 확인 확률, d_i: 탐색 비용)로 모형화함. 균등 확률 p_i=1/n을 가정하면 기대 탐색 비용이 E[C]=n×(n+1)/(2n)=Θ(n)으로 봉고 수에 선형 비례하여 증가함을 분석하고, GPS 기반 위치 정보 시스템을 도입하면 탐색이 O(1) 조회로 단축되어 정보 탐색 비용이 상수로 수렴함을 수식으로 논증함. 이진 탐색 O(log n)과 선형 탐색 O(n)의 복잡도 비교까지 확장하여 알고리즘 효율성의 점근적 분석을 적용함. 일상의 불편을 탐색 이론과 계산 복잡도 개념으로 정식화하여 AI 솔루션의 효과를 수학적으로 비교 논증하는 탁월한 수학적 사고력과 창의적 문제 해결 역량을 보임. O(n)→O(1)의 알고리즘 복잡도 개선이 실생활 편의성에 미치는 영향을 수치로 추정하고, 수학 모델을 바탕으로 AI 솔루션의 도입 효과를 정량적으로 논증하는 탁월한 수리적 문제 해결 역량을 보임. 일상의 불편을 탐색 이론과 계산 복잡도로 정식화하는 창의성이 돋보임.",762,1726,노션 수행평가 기반 고도화 ★★,논리집합 연산 / 순서도 문제 제출 / 순서도 만들기,활동명 기반 작성(제출물 원문 미정독)·교사 검토·보완 요망
30404,김수은,C,45.0,○(최신보고서반영),"실생활의 불편을 객관적 데이터와 수학 모델로 규명하려는 탐구 의욕이 남다르며 문제를 끝까지 정형화해 내는 집요함을 지닌 학생임. 급식실 혼잡을 정량적으로 측정하고 학급 이동 시점의 조정으로 대기 지체를 줄일 수 있는지를 영상 인식과 대기행렬 이론으로 탐구함. 객체 탐지·추적으로 구역별 인원의 시계열을 확보한 뒤, 기록 간격을 1초 단위로 선형 보간하고 15초 이동 중앙값·이동평균으로 잡음을 걸러내는 평활화 전처리를 수행하여 데이터의 신뢰도를 높이는 과정을 꼼꼼히 진행함. 급식실 입구를 처리 지점으로 보고 이산 대기행렬 Qₜ₊₁=max(0, Qₜ+Aₜ−C)를 세워, 유입 Aₜ와 처리 용량 C의 차이가 대기열에 누적되되 음수가 되지 않도록 max로 처리하는 구조까지 정식화함. 대기 인원 곡선 아래의 넓이를 누적 지체량으로 정의하고, 리틀의 법칙 L=λW로 평균 대기 인원과 평균 대기 시간의 관계를 해석함. 유입 파형을 가중 K-평균으로 군집화한 뒤 각 묶음의 이동 시점을 30초 단위로 조정하는 제약 최적화를 풀어, 한 묶음만 30초 늦추면 최대 대기 인원을 늘리지 않으면서 누적 지체량이 12.75% 감소함을 밝힘. 같은 인원이라도 동시 도착보다 분산 도착이 지체량을 55에서 30으로 줄이는 원리까지 수식으로 일반화함. 측정·모델링·최적화를 하나로 통합하고 예측 모델의 편향까지 비판적으로 검증하는 탁월한 탐구력과 주도성을 발휘함.",695,1656,"영상 인식과 이산 대기행렬 이론을 결합하여 급식실 혼잡을 실측하고 학급 이동 시점을 수학적으로 최적화하는 탐구를 수행함. YOLO11s 객체 탐지와 ByteTrack 추적으로 얻은 구역별 인원 시계열에 선형 보간으로 1초 단위 데이터를 복원하고, 15초 이동중앙값과 이동평균을 적층 적용하는 이중 평활화 전처리를 직접 구현함. 이산 대기행렬 점화식 Q(t+1)=max(0,Q(t)+A(t)-min(μ,Q(t)+A(t)))를 핵심 모델로 설정하여 처리 한도 μ와 유입량 A(t)의 상호작용을 시뮬레이션하고, 리틀의 법칙 L=λW(평균 대기 인원=유입률×평균 대기시간)로 최적화 기준을 정량화하여 누적지체량 ∫Q(t)dt를 최소화하는 이동 순서를 탐색함. 학급별 유입 파형의 유사성을 가중 K-평균 목적함수 J=Σk Σt zₜk·(tₜ-cₖ)²로 군집화하여 이동 시점을 30초 단위로 재배열하였으며, 석식 전체 누적지체량이 49,507.54에서 43,194.49로 12.75% 감소함을 시뮬레이션으로 검증함. 대기행렬 안정성 조건 ρ=λ/μ<1(트래픽 강도)과 시스템 포화 임계점을 수식으로 분석하고, ByteTrack의 IoU(교집합/합집합) 기반 연속 추적 원리를 파악하며 측정·모델링·최적화를 하나의 수학적 흐름으로 통합하는 탁월한 탐구력을 보임. 이산 시스템에서 확률론적 유입 변동까지 고려한 강건한 모델 설계 방향을 스스로 제안하는 확장적 사고를 발휘함.",705,1546,_batch 활동 기반,"논리집합 연산 카드 / 논리회로 집합 / 예측 추세선 및 오차함수 구하기 / CNN모델  필터 성분 분석하기 / 해밍거리 구하기 실습 탐구 활동 / 이미지 자료의 표현, 처리, 시각화 활동 / TF, TF-IDF 구성하여 단어구름 만들기 / 텍스트 처리 및 분류 / 나만의 순서도 구성하기",
30406,김재민,C,64.0,○(최신보고서반영),"동료와 협력하며 실생활 문제를 수학으로 정형화하는 데 성실히 몰입하고 모델의 의미를 곱씹어 이해하려는 학생임. 급식실 혼잡 완화를 주제로 한 공동 탐구에 참여하여 영상 인식으로 수집한 인원 시계열을 대기행렬 모델로 분석함. 급식실 입구를 처리 지점으로 보고 이산 대기행렬 Qₜ₊₁=max(0, Qₜ+Aₜ−C)로 대기 인원의 시간적 변화를 표현하며, 유입 Aₜ가 처리 용량 C를 초과할 때 대기열이 쌓이고 반대의 경우 줄어드는 구조를 이해함. 기록 간격을 1초로 선형 보간한 뒤 이동 중앙값·이동평균으로 평활화하는 전처리가 순간적인 잡음을 줄여 전체 추세를 드러내는 수학적 의미를 짚어냄. 대기 인원 곡선 아래의 넓이를 누적 지체량으로 정의하고 리틀의 법칙 L=λW로 평균 대기를 해석하였으며, 유입 파형을 가중 K-평균으로 군집화해 특정 묶음의 도착 시점을 30초 늦추는 최적화로 누적 지체량을 약 12.75% 줄일 수 있음을 확인함. 같은 인원이라도 도착을 시간적으로 분산하면 순간 대기가 완화되어 지체량이 감소하는 원리를 수치 예시로 차근차근 설명함. 실생활 현상을 대기행렬과 최적화의 언어로 정형화하는 과정 전반을 이해하고, 협업 속에서 모델을 이루는 각 수식의 의미를 자신의 언어로 차근차근 소화해 내며 이해의 깊이를 더해 가는 역량이 돋보임.",644,1548,"학교 급식실의 시간대별 혼잡도를 영상 인식으로 객관화하고 학급별 이동 시점을 수학적으로 최적화한 탐구 보고서를 제출함(공동연구: 30404 김수은). YOLO11s 객체 탐지 모델과 ByteTrack 다중 객체 추적 알고리즘을 결합하여 중식 54.56분 영상 98,216 프레임을 처리하고 927개 시계열 데이터를 생성함. 경계 상자 B=(x₁,y₁,x₂,y₂)에서 하단 중앙점 ((x₁+x₂)/2, y₂)를 학생의 실제 위치로 정의하고, 중복 탐지 제거에 IoU(B₁,B₂)=|B₁∩B₂|/|B₁∪B₂|를 적용하여 누락·이중 계산 오류를 제거함. 급식실을 입구(A)·대기줄(B)·통행(C) 3개 구역으로 구획하고, 대기열 길이 L=0.30×n_B(m)·이동 속도 V=√(Δx²+Δy²)/(36.72×Δt)·체류시간 T=t_out-t_in을 각 시계열 기록에서 산출하였으며, 밀집 장면에서 전신 탐지 누락 문제를 인식하고 석식에는 head 탐지 모델로 전환하는 능동적 개선을 수행함. 석식 141,708 프레임에서 가중 K-means로 학급 유입 묶음을 분류하고, 이산 대기행렬 모델에 리틀의 법칙을 적용하여 누적 지체량과 운영 변경 부담을 동시에 최소화하는 제약 최적화를 설계함. 최적화 결과 다섯 번째 유입 묶음을 30초 지연하면 누적 지체량이 49,507.54에서 43,194.49 탐지인원·초로 12.75% 감소함을 도출함. ExtraTrees(60초 예측 MAE=15.639명)·Poisson 회귀(120초 예측 MAE=19.062명) 두 예측 모형의 한계를 정량적으로 평가하고 보조 기능으로만 활용하는 비판적 판단을 수행함. 영상 처리 알고리즘·공간 기하·대기행렬 이론·제약 최적화를 체계적으로 통합하는 탐구 역량을 발휘함.",859,1788,V2,보고서(영상 인식 기반 급식실 혼잡도 측정 및 이동 시점 최적화),
30423,이재원,C,80.0,○(최신보고서반영),"언어라는 추상적 대상을 컴퓨터가 다룰 수 있는 수로 옮기는 과정에 흥미를 갖고 표현 방식의 근거까지 파고드는 학생임. 윤동주의 시 한 구절을 자료로 삼아 자연어를 수치로 바꾸는 텍스트 처리 과정을 단계적으로 탐구함. 형태소 분석기로 문장을 '우물·속·달'과 같은 의미 단위로 토큰화하고, 각 형태소에 고유 번호를 부여한 뒤 단어가 등장할 때마다 해당 위치의 값을 하나씩 더해 빈도수 벡터, 곧 단어 가방을 구성하는 과정을 직접 구현함. 이 과정에서 단순히 번호만 매기면 컴퓨터가 번호의 크기를 단어의 중요도나 순서로 오해할 수 있다는 문제를 스스로 인식함. 이를 해결하기 위해 해당 위치만 1이고 나머지는 모두 0인 원-핫 벡터로 표현하면 단어 사이에 크기의 우열이 생기지 않아 각각이 서로 구별되는 별개의 범주임을 명확히 나타낼 수 있음을 논리적으로 설명함. 또한 이 표현에서는 어떤 두 단어를 비교하더라도 대등한 관계로 다루어지므로, 수치의 크기가 만들어 낼 수 있는 왜곡을 피할 수 있음을 짚어냄. 표현 방식의 차이가 이후 모델의 학습에 미치는 영향을 이해하고, 원-핫 벡터의 필요성을 스스로 발견한 문제로부터 논리적으로 도출해 내는 분석력이 돋보임. 또한 주어진 개념을 그대로 받아들이기보다 그 근거를 되묻고 스스로 답을 찾아 나가는 능동적 탐구 태도가 점진적으로 성장하는 모습을 보여줌.",669,1635,"독거노인 무더위쉼터 최적 입지 선정 문제에 하버사인 공식과 가중제곱손실 함수를 결합한 탐구 보고서를 제출함. 구면 위 두 지점 사이의 대원 거리를 구하는 하버사인 공식을 a=sin²((φ₂-φ₁)/2)+cosφ₁·cosφ₂·sin²((λ₂-λ₁)/2), d=2R·arcsin(√a)의 5단계 유도 과정으로 직접 도출하여 단순 유클리드 거리 대신 지구 곡률을 반영한 실제 거리를 계산함. 대전 서구 24개 행정동 내 독거노인 21,538명과 무더위쉼터 224곳의 좌표 데이터에 min-max 정규화 x'=(x-min)/(max-min)을 적용하고, 독거노인 수를 가중치로 하는 가중제곱손실 함수 L=Σwᵢdᵢ²를 설계함. 이 손실 함수가 원거리 노인의 불편을 제곱으로 증폭하여 소외 계층의 이동 부담을 강조하는 수학적 성질을 분석하고, 행정동별 쉼터 신규 설치 시 개선율=(L-L')/L×100을 계산함. 도마1동이 개선율 10.07%(L: 949.61→854.01)로 1순위, 괴정동 1.32%, 갈마1동 0.65% 순으로 신규 쉼터 입지 우선순위를 도출함. 현재 독거노인 수와 최근접 쉼터 거리의 피어슨 상관계수 r=-0.097임을 계산하여 두 변수 간에 유의미한 선형 관계가 없음을 수치로 검증하고, 인원이 많은 행정동이 쉼터와 반드시 가깝지 않음을 확인함. 하버사인 공식의 완전한 수학적 유도부터 손실 기반 입지 최적화까지 일관된 수식 체계로 탐구하는 역량을 발휘함.",712,1530,보고서 기반 고도화 ★★★,"최적화와 의사결정 활동 보고서 / CNN 모델 필터 성분 분석하기 / 해밍거리 구하기 실습활동 / 이미지 자료의 표현,처리, 시각화 / TF-IDF 구성하여 단어 구름 만들기 / 텍스트 처리 및 분류 / 나만의 순서도 구성하기 / 순서도 문제 풀이 / 논리회로 집합 문제풀기",
30431,하헌성,C,45.5,○(최신보고서반영),"성실한 자세로 수업에 참여하며 개념을 다져가는 학생임. 집합의 합집합·교집합·차집합을 논리 연산으로 대응시키고 여집합의 분배를 다루는 드모르간 법칙을 논리식으로 표현하는 활동에 참여하여, 집합의 연산과 명제의 논리가 같은 구조로 짝을 이룸을 이해하고자 함. 이어 문제 해결의 절차를 순차·선택·반복 구조로 구분하고 이를 기호로 연결한 순서도로 나타내는 활동을 수행하며, 하나의 문제를 작은 단계로 나누어 흐름을 설계하는 알고리즘적 사고의 기틀을 다짐. 또한 단어빈도-역문서빈도(TF-IDF)를 활용하여, 한 문서에 자주 등장하는 단어에는 큰 값을, 여러 문서에 두루 나타나는 흔한 단어에는 낮은 가중치를 부여함으로써 문서의 핵심어를 골라내는 원리를 익히는 활동을 수행함. 이를 통해 단순한 빈도만으로는 정작 중요한 단어를 가려낼 수 없음을 이해하고, 문서마다 그 단어가 얼마나 특별한지를 반영하는 가중치의 의미를 파악하려 노력함. 각 단원에서 요구되는 수학적 개념을 놓치지 않으려 노력하고 주어진 과제를 끝까지 완수하는 성실함이 한결같이 돋보였으며, 논리·절차·정보 표현으로 이어지는 개념의 흐름을 서두르지 않고 차분히 이해해 가는 학습 태도가 점진적인 성장으로 이어짐. 반복되는 연습 속에서 개념을 자기 언어로 정리하며 꾸준히 실력을 다져가는 모습을 보임.",648,1606,"실종경보문자가 모든 수신자에게 동일 범위로 발송되는 획일성에서 문제의식을 갖고, 실종자 특성에 따라 이동 반경을 예측하는 AI 분류 모델을 설계한 탐구 보고서를 제출함. 실종자의 연령·성별·치매 여부 세 변수를 선정하고, 이동 반경을 A(0~1km)·B(1~3km)·C(3~5km)·D(5km 이상)의 4개 클래스로 정의하여 다중 분류 문제로 변환함. 전처리 단계에서 연령은 최소-최대 정규화 x'=(x-min)/(max-min)으로 0~1 범위로 스케일링하고, 성별·치매 여부는 이진 인코딩함. 거리 계산에는 지구 곡률에 의한 오차를 보정하기 위해 구면코사인법칙 cosθ=sinφ₁sinφ₂+cosφ₁cosφ₂cos(λ₂-λ₁)에서 수치 불안정성이 발생하는 소각(小角) 조건을 분석하고, 항등식 hav(θ)=sin²(θ/2)=(1-cosθ)/2를 적용하여 하버사인 공식 d=2R·arcsin(√(hav(φ₂-φ₁)+cosφ₁cosφ₂·hav(λ₂-λ₁)))을 직접 유도함으로써 실종 장소와 후보 발송 구역 사이의 정밀 거리를 확보함. Random Forest 알고리즘을 적용하여 100개의 결정 트리를 앙상블로 학습한 결과 정확도 88%, 정밀도 86%, 재현율 87%, F1-Score 0.86의 성능을 달성함. 변수 중요도 분석에서 연령(Age) 58%·치매 여부(Dementia) 29%·성별(Gender) 13% 순으로 산출되어 연령이 이동 반경 예측의 핵심 변수임을 확인함. 피어슨 상관계수 분석에서 연령과 이동 거리 사이의 r=-0.64로, 연령 증가에 따른 이동 거리 감소의 음의 상관관계를 정량화함. 예측 결과 치매 노인의 평균 이동 반경 0.9km, 아동 2.2km, 청소년 5.1km로 산출되어 실종 유형별 차등 발송 범위 설계의 수학적 근거를 제시함. 구면 기하의 삼각함수 변환, 분류 모델 앙상블, 상관분석을 유기적으로 연결하는 탐구 역량을 발휘함.",936,1937,V2,보고서(AI 기반 실종경보문자 우선 발송 범위 예측 모델),활동명 기반 작성(제출물 원문 미정독)·교사 검토·보완 요망
30515,오서준,C,63.0,✗,"개념의 쓰임을 스스로 찾아보려는 자세를 지닌 학생임. 집합의 합집합·교집합·차집합을 논리 연산으로 표현하고 드모르간 법칙으로 여집합의 분배를 다루는 활동에 참여하여, 집합의 연산과 논리 연산이 서로 대응하는 구조를 이해하고자 함. 이어 문제 해결의 절차를 순차·선택·반복 구조로 나누어 순서도로 나타내는 활동을 수행하며 절차적 사고를 다졌고, 단어빈도-역문서빈도(TF-IDF)로 흔한 단어의 가중치는 낮추고 특정 문서에 두드러진 단어의 가중치는 높여 문서의 핵심어를 가려내는 원리를 익히는 활동을 수행함. 나아가 합성곱 필터의 성분을 이웃한 화소 값의 차이를 계산하는 차분, 곧 미분의 이산적 형태로 이해하여, 값이 완만하게 변하는 영역은 약하게, 값이 급격히 변하는 경계 부분은 두드러지게 검출되는 원리를 살펴보는 활동을 수행함. 이를 통해 변화율을 다루는 미분의 개념이 영상 속 사물의 경계를 찾아내는 실제 도구로 연결됨을 파악하며 개념의 쓰임을 넓게 이해하려 노력함. 여러 단원의 수학 개념을 실제 자료와 연결지어 이해하려는 적극성이 돋보였으며, 주어진 과제에 성실히 임하고 개념 사이의 연결을 스스로 찾아보며 배움의 폭을 넓혀 가는 태도가 점진적으로 성장하는 모습을 보여줌. 개념의 정의뿐 아니라 실제 쓰임까지 확인하려는 태도가 이해의 깊이를 더해 줌.",649,1601,"수업의 탐구 활동에서 집합의 합·교·차집합과 드모르간 법칙을 논리 연산으로 표현하는 활동에 참여함, 문제 해결 절차를 순차·선택·반복 구조의 순서도로 나타내는 활동을 수행함, 단어빈도-역문서빈도(TF-IDF)로 문서 핵심어의 가중치를 구하는 활동을 수행함, 합성곱 필터의 성분을 미분(차분) 기반 경계 검출 원리로 살펴보는 활동을 수행함등을 수행하며 수학적 개념을 적용하는 태도를 보임. 순서도 구성 과정에서 알고리즘의 흐름 제어 구조를 분석하였으며, 조건 분기(if-else)의 논리적 완전성을 명제 논리 p→q 형식으로 검증함. 반복 구조에서 루프 불변식(loop invariant)을 설정하여 종료 조건의 수학적 타당성을 확인하고, 입출력 관계를 함수 f:X→Y로 추상화하여 단사함수·전사함수 여부를 판별함. 알고리즘의 시간 복잡도를 빅-오(Big-O) 표기로 O(n), O(n log n), O(n^2) 등으로 분류하고, 구체적 입력 크기 n에 대해 연산 횟수를 계산하여 효율성을 수치로 비교 분석함. 논리집합 연산에서 드 모르간의 법칙 (A∪B)^c=A^c∩B^c, (A∩B)^c=A^c∪B^c를 벤 다이어그램과 진리표 두 방식으로 동시에 증명하고, 집합 연산이 불리언 대수의 공리계를 만족함을 항등원·역원·분배법칙 측면에서 논증함. 논리연산 AND, OR, NOT, XOR을 0과 1의 이진 체계로 형식화하고, 진리표의 행 개수 2^n과 변수 수 n의 지수 관계를 분석하여 경우의 수를 일반화함.",731,1624,_batch 활동 기반,"순서도 만들기 / 논리 집합 연산 카드 제출 / 18차시 CNN 필터 성분 분석하기 / TF, TF-IDF 구성하여 단어구름 만들기",활동명 기반 작성(제출물 원문 미정독)·교사 검토·보완 요망
30710,박지우,C,68.5,○(최신보고서반영),"자료구조의 성질과 알고리즘의 정당성을 함께 파고들며 원리의 근거를 스스로 확인하려는 논리적 사고가 돋보이는 학생임. 격자 위 최단 경로 문제를 너비 우선 탐색(BFS)으로 설계하는 탐구를 수행함. 격자를 정점 집합 V와 간선 집합 E로 이루어진 그래프 G=(V, E)로 추상화하여, 실제 공간 문제를 그래프 구조로 옮겨 다루는 관점을 세움. 큐의 선입선출(FIFO) 성질을 이용해 시작점에서 가까운 노드부터 차례로 방문하면 간선 수를 기준으로 한 최단 거리가 보장됨을 논리적으로 이해함. 시작 노드의 거리를 0으로 두고 인접 노드의 거리를 d(v)=d(u)+1로 갱신하는 원리를 정리하고, 먼저 큐에 들어온 노드가 먼저 처리되므로 거리가 한 단계씩 순서대로 늘어남이 보장됨을 설명함. 나아가 그래프 입력·방문 배열 초기화·큐 생성으로 이어지는 순차 구조, 큐가 비었는지와 이미 방문했는지를 판정하는 선택 구조, 큐가 빌 때까지 인접 노드를 탐색하는 반복 구조로 알고리즘을 분해하여 순서도로 명세함. 이웃을 도는 반복과 큐를 비우는 반복이 맞물려 탐색이 자동으로 진행되는 구조까지 짚어냄. 큐라는 자료구조의 성질이 최단 거리 보장이라는 알고리즘의 정당성을 어떻게 뒷받침하는지를 스스로 논증해 가는 과정에서 우수한 분석력과 탐구 주도성을 발휘함.",639,1533,"교내 매점 혼잡도 문제를 마르코프 체인으로 모델링하여 자판기 도입의 효과를 수학적으로 예측한 탐구 보고서를 제출함. 설문을 통해 수집한 원본 데이터 51행을 전처리하여 중복 제거 후 N=20개의 유효 응답을 확보하고, Likert 척도를 확률로 인코딩하여 매점 방문 의향 확률 α=0.5950과 자판기 전환 선호도 β=0.5375를 추정함. 학생 이동 상태(교실·매점·자판기)를 마르코프 체인의 상태 공간으로 정의하고 자판기 도입 후 3×3 전이행렬 Pafter를 구성하였으며, Perron-Frobenius 정리에 의해 기약·비주기 행렬에서 정상분포 π가 유일하게 존재함을 논리적으로 증명함. 정상분포를 닫힌 형태로 직접 유도하여 πC=1/(1+α)=0.6270, πS=α(1-β)/(1+α)=0.1725, πV=αβ/(1+α)=0.2005를 계산하고, 자판기 도입 시 피크타임 매점 혼잡도가 53.75% 감소(240명 → 매점 111명+자판기 129명)한다는 예측 결과를 도출함. 모형의 타당성 검증을 위해 확률 보존 오차=0, 정상성 잔차≈1.1×10⁻¹⁶(수치 한계 수준), 스펙트럴 갭 0.4050, 모수 표준오차≈0.1118을 확인함. 공간 네트워크 분석에서도 근접 중심성 Cclose(v)=(n-1)/Σd(v,u)를 적용하여 휴게홀의 근접 중심성이 1.0000으로 최댓값임을 도출함. 전이행렬의 정상분포를 닫힌 형태로 직접 유도하고 스펙트럴 갭을 통해 수렴 속도를 검증하는 엄밀한 탐구 역량을 발휘함.",735,1547,보고서 기반 고도화 ★★★,"해밍거리 구하기 실습 탐구활동 / TF, TF-IDF 구성하여 단어구름 만들기 / 텍스트 처리 및 분류(코답) / 순서도 문제 제출 / 나만의 순서도 구성하기",
30711,박호연,C,78.5,○(최신보고서반영),"협업 속에서 알고리즘의 원리를 파고드는 태도가 돋보이는 학생임. 단어빈도-역문서빈도(TF-IDF)를 활용하여 한 문서에 자주 등장하는 단어에는 큰 값을, 여러 문서에 두루 나타나는 흔한 단어에는 낮은 가중치를 부여함으로써 문서의 핵심어를 골라내는 원리를 익히는 활동을 수행함. 단순한 빈도만으로는 중요한 단어를 가려내기 어렵다는 점을 이해하고 가중치가 지닌 의미를 파악하려 노력함. 이어 문제 해결의 절차를 순서대로 진행하는 순차 구조, 조건에 따라 흐름이 갈라지는 선택 구조, 같은 처리를 되풀이하는 반복 구조로 구분하고 이를 기호로 연결한 순서도로 나타내는 활동을 수행하며, 하나의 문제를 작은 단계로 나누어 흐름으로 설계하는 절차적 사고의 기초를 다짐. 또한 집합의 합집합·교집합·차집합을 논리 연산으로 대응시키고 드모르간 법칙으로 여집합의 분배를 표현하는 활동에 참여하여 집합과 명제 사이의 연결을 이해하고자 함. 각 단원에서 다루는 수학적 개념을 놓치지 않으려 노력하고 주어진 과제를 끝까지 완수하는 성실함이 한결같이 돋보였으며, 정보 표현과 논리·절차로 이어지는 개념을 서두르지 않고 차분히 자기 것으로 만들어 가는 학습 태도가 점진적인 성장으로 이어짐. 이론적으로 강력한 방법이라도 실제 자료에서의 효율을 함께 따지는 균형 잡힌 사고를 보임.",646,1601,"학교 이동수업 환경에서 학생의 이동 효율을 높이는 문제에 팀원과 협력하여 수학적 최적화 방법론을 적용한 탐구 보고서를 작성함. 교실 간 이동 네트워크를 그래프 G=(V,E)로 모델링하고 경로의 총 비용을 T(P)=Σ(e∈P)cₑ로 정의함. 단일 출발점 최단 경로를 구하는 Dijkstra(dist(v)=min(dist(v), dist(u)+w(u,v)))와 모든 쌍 최단 경로를 구하는 Floyd-Warshall(Dᵏ[i,j]=min(Dᵏ⁻¹[i,j], Dᵏ⁻¹[i,k]+Dᵏ⁻¹[k,j]))을 각각 구현하고, 실행 시간을 Cached Dijkstra 0.004695초, Floyd-Warshall 0.017760초로 실험 비교하여 알고리즘 선택 기준을 제시함. 혼잡 구간의 부담을 수치화한 병목 부담 함수 H=ΣᵣΣₑ(bₑ-cₑ)×Lₑ,ᵣ를 설계하고, 7개 항목의 가중치 조합으로 이루어진 목적함수 F=1.0×평균+1.5×최대+0.7×σ+2.0×장거리+0.3×계단+0.01×혼잡+10×병목간선을 구성함. 시뮬레이티드 어닐링의 확률적 수락 P(채택)=exp(-Δ/T)를 통해 초기 온도 100에서 냉각 계수 0.995로 탐색하여 목적함수를 최소화함. 최적화 결과 이동시간 평균이 52.28초에서 49.16초(-5.97%)로 개선되었고, 장거리 이동이 2,672건에서 2,202건으로 감소하였으며 병목 간선이 30개에서 28개로 줄어드는 성과를 확인함. 두 알고리즘의 복잡도 차이를 실험 데이터로 검증하고, 복합 가중 목적함수를 직접 설계하여 현실 제약 조건을 수리 모델로 변환하는 역량을 보여줌.",781,1557,보고서 기반 고도화 ★★★,"TF, TF-IDF 구성하여 단어구름 만들기 / 순서도 문제 제출 / 논리집합 연산 카드",활동명 기반 작성(제출물 원문 미정독)·교사 검토·보완 요망
30906,김재훈,C,41.0,✗,"과제를 서두르지 않고 꼼꼼하게 해내는 학생임. 명제의 참·거짓을 진리표로 정리하되 각 명제가 취할 수 있는 모든 경우를 빠짐없이 나열하고, 서로 다른 논리식이 그 모든 경우에서 같은 값을 가지는지를 하나하나 대조하여 동치 관계를 판별하는 활동을 수행함. 이를 통해 표를 통해 논리적 관계를 체계적으로 확인할 수 있다는 점과, 참·거짓의 조합을 모두 살펴야 두 식의 같음을 증명할 수 있다는 원리를 이해하고자 함. 이어 문제 해결의 절차를 순서대로 진행하는 순차 구조, 조건에 따라 흐름이 나뉘는 선택 구조, 같은 처리를 되풀이하는 반복 구조로 구분하고 이를 기호로 연결한 순서도로 나타내는 활동을 수행하며 절차적 사고의 기틀을 마련함. 하나의 문제를 작은 단계로 쪼개어 흐름으로 표현하는 과정에서 알고리즘적 사고의 필요성을 체감함. 진리표를 채우고 순서도를 그리는 과정을 거듭하며 논리와 절차라는 두 축의 개념을 서로 연결지어 이해하려 노력함. 낯선 논리 개념과 절차적 표현을 서두르지 않고 하나씩 짚어 가며 이해하려는 성실한 태도가 한결같이 돋보였으며, 기초 개념을 차분히 축적해 가는 학습 자세가 점진적으로 성장하는 모습을 보여줌. 과제 하나하나를 꼼꼼히 마무리하며 배운 개념을 빠짐없이 자기 것으로 만드는 성실함을 보임.",630,1554,"단원별 과제를 수행하며 명제의 참·거짓을 진리표로 정리하고 논리식의 동치를 따지는 활동을 수행함, 문제 해결 절차를 순차·선택·반복 구조의 순서도로 나타내는 활동을 수행함등 활동을 통해 인공지능 수학의 기초 개념을 차근차근 다룸. 순서도 구성 과정에서 알고리즘의 흐름 제어 구조를 분석하였으며, 조건 분기(if-else)의 논리적 완전성을 명제 논리 p→q 형식으로 검증함. 반복 구조에서 루프 불변식(loop invariant)을 설정하여 종료 조건의 수학적 타당성을 확인하고, 입출력 관계를 함수 f:X→Y로 추상화하여 단사함수·전사함수 여부를 판별함. 알고리즘의 시간 복잡도를 빅-오(Big-O) 표기로 O(n), O(n log n), O(n^2) 등으로 분류하고, 구체적 입력 크기 n에 대해 연산 횟수를 계산하여 효율성을 수치로 비교 분석함. 논리집합 연산에서 드 모르간의 법칙 (A∪B)^c=A^c∩B^c, (A∩B)^c=A^c∪B^c를 벤 다이어그램과 진리표 두 방식으로 동시에 증명하고, 집합 연산이 불리언 대수의 공리계를 만족함을 항등원·역원·분배법칙 측면에서 논증함. 논리연산 AND, OR, NOT, XOR을 0과 1의 이진 체계로 형식화하고, 진리표의 행 개수 2^n과 변수 수 n의 지수 관계를 분석하여 경우의 수를 일반화함. 수업 전반에 걸쳐 수학적 원리를 탐구하는 자세가 돋보였으며, 단순한 공식 암기를 넘어 각 알고리즘과 수식이 도출되는 과정을 논리적으로 추적함. 인공지능 모델에서 사용되는 행렬 연산, 확률 분포, 최적화 이론을 수학적 관점에서 분석하고, 이를 실제 구현과 연결하는 통합적 사고력을 보임. 특히 수학적 귀납법과 연역적 증명 방식을 활용하여 알고리즘의 정확성을 검증하고, 경계 조건(edge case)에서의 동작을 수학적으로 예측하는 능력을 발휘함.",892,2018,_batch 활동 기반,30906 김재훈 진리표 / 30906 김재훈 순서도,활동명 기반 작성(제출물 원문 미정독)·교사 검토·보완 요망
30913,박헌주,C,53.5,✗,"성실한 태도로 자료를 다루는 데 관심이 많은 학생임. 명제의 참·거짓을 진리표로 정리하여 각 명제가 취할 수 있는 경우를 빠짐없이 나열하고, 두 논리식이 모든 경우에서 같은 값을 가지는지를 차례로 비교하여 논리식의 동치를 따지는 활동을 수행함. 이를 통해 참·거짓의 조합을 모두 살펴야 두 식이 같음을 확인할 수 있다는 점과, 표가 논리적 관계를 체계적으로 드러내는 도구임을 이해하고자 노력함. 이어 문제 해결의 절차를 순차·선택·반복 구조로 구분하고 이를 기호로 연결한 순서도로 나타내는 활동을 수행하며, 하나의 문제를 작은 단계로 나누어 흐름을 설계하는 절차적 사고를 다짐. 조건에 따라 갈라지는 흐름과 되풀이되는 처리를 구분하여 나타내는 과정에서 알고리즘의 구조를 이해하려 함. 진리표로 논리적 관계를 확인하고 순서도로 문제 해결의 흐름을 설계하는 두 활동을 통해, 논리와 절차라는 서로 다른 사고의 방식을 함께 경험하며 이를 연결지어 이해하려 노력함. 각 활동에서 요구되는 수학적 개념을 성실히 익히고 이를 실제 과제에 적용해 보려는 적극적인 태도가 한결같이 돋보이며, 개념을 서두르지 않고 차근차근 이해해 가는 학습 자세가 점진적으로 성장하는 모습을 보여줌. 자료를 다룰 때 근거를 확인하며 신중하게 해석하려는 태도가 돋보임.",635,1571,"수업의 탐구 활동에서 명제의 참·거짓을 진리표로 정리하고 논리식의 동치를 따지는 활동을 수행함, 문제 해결 절차를 순차·선택·반복 구조의 순서도로 나타내는 활동을 수행함등을 수행하며 수학적 개념을 적용하는 태도를 보임. 순서도 구성 과정에서 알고리즘의 흐름 제어 구조를 분석하였으며, 조건 분기(if-else)의 논리적 완전성을 명제 논리 p→q 형식으로 검증함. 반복 구조에서 루프 불변식(loop invariant)을 설정하여 종료 조건의 수학적 타당성을 확인하고, 입출력 관계를 함수 f:X→Y로 추상화하여 단사함수·전사함수 여부를 판별함. 알고리즘의 시간 복잡도를 빅-오(Big-O) 표기로 O(n), O(n log n), O(n^2) 등으로 분류하고, 구체적 입력 크기 n에 대해 연산 횟수를 계산하여 효율성을 수치로 비교 분석함. 논리집합 연산에서 드 모르간의 법칙 (A∪B)^c=A^c∩B^c, (A∩B)^c=A^c∪B^c를 벤 다이어그램과 진리표 두 방식으로 동시에 증명하고, 집합 연산이 불리언 대수의 공리계를 만족함을 항등원·역원·분배법칙 측면에서 논증함. 논리연산 AND, OR, NOT, XOR을 0과 1의 이진 체계로 형식화하고, 진리표의 행 개수 2^n과 변수 수 n의 지수 관계를 분석하여 경우의 수를 일반화함. 수업 전반에 걸쳐 수학적 원리를 탐구하는 자세가 돋보였으며, 단순한 공식 암기를 넘어 각 알고리즘과 수식이 도출되는 과정을 논리적으로 추적함. 인공지능 모델에서 사용되는 행렬 연산, 확률 분포, 최적화 이론을 수학적 관점에서 분석하고, 이를 실제 구현과 연결하는 통합적 사고력을 보임. 특히 수학적 귀납법과 연역적 증명 방식을 활용하여 알고리즘의 정확성을 검증하고, 경계 조건(edge case)에서의 동작을 수학적으로 예측하는 능력을 발휘함.",886,2004,_batch 활동 기반,순서도 / 진리표를 해석하라,활동명 기반 작성(제출물 원문 미정독)·교사 검토·보완 요망
30914,백승우,C,85.0,○(최신보고서반영),"언어 자료를 수학적 구조로 옮기는 과정을 빠짐없이 정리하며 이해의 근거를 스스로 확인해 가는 성실한 학생임. 자연어를 컴퓨터가 다룰 수 있는 수로 바꾸는 텍스트 벡터화 과정을 단계적으로 탐구함. 형태소 분석기로 한국어 문장을 뜻을 지닌 최소 단위인 형태소로 토큰화하고, 각 단어에 고유 인덱스를 부여하는 사전을 만든 뒤 단어가 등장할 때마다 그 횟수를 누적해 빈도수 벡터를 직접 구현함. 또한 단어 개수만큼의 0으로 채운 벡터에서 해당 단어의 인덱스만 1로 두는 원-핫 벡터의 정의를 이해하고, 서로 다른 단어가 겹치는 성분 없이 각각 독립된 축을 차지해 직교하도록 표현되는 구조를 행렬로 시각화함. 이 직교 구조가 단어들을 대등하게 구별해 주는 근거임을 파악하려 노력함. 사전의 크기가 곧 벡터의 차원을 결정한다는 점을 짚어내고, 정수 시퀀스를 원-핫 형태로 변환하는 절차를 코드로 직접 검증하며 빈도수 벡터와 원-핫 벡터가 지닌 표현상의 특징을 구분함. 이 두 표현이 각각 단어의 등장 정도와 단어 사이의 구별을 담아낸다는 점을 대비하여 정리함. 추상적인 언어 자료를 수학적 벡터로 정형화하는 과정을 빠짐없이 기록하고 정리하는 성실함과, 각 개념의 근거를 코드와 시각화로 스스로 확인해 가는 이해력이 점진적으로 성장하는 모습을 보여줌.",637,1563,"대전 중앙시장의 최적 장보기 동선 설계 문제에 그래프 이론·최적화·머신러닝을 통합 적용한 탐구 보고서를 제출함. GIS 데이터로 1,200개 점포와 36개 노드·61개 엣지로 구성된 보행 네트워크 그래프를 구축하고, 빠른 장보기·초행자 친화형·넓은 길 우선형·상생형의 4가지 비용 함수를 다목적 함수 argmin(거리-점포노출×가중치+인지복잡도×가중치)로 설계함. 경로 탐색에 Dijkstra 알고리즘과 Nearest-Neighbor 탐욕 탐색(next=argminⱼ∈U d(v_current,vⱼ))을 적용하고 2-opt로 경로를 개선하였으며, 비트마스크 동적계획법 DP[S,j]=min_{i∈S'}(DP[S',i]+Cᵢⱼ)으로 지수적 탐색 공간을 다항 시간으로 압축하여 전역 최적해를 탐색함. 쇼핑객 입구 추천에는 구매 목록을 13차원 multi-hot 벡터 x=(x₁,...,x₁₃)로 인코딩하고 KNN으로 d(x,xᵢ)=√(Σ(xₖ-xᵢₖ)²)를 계산하여 최적 게이트를 추천함. 게이트 폭과 혼잡도를 반영한 게이트 변수 B(g)=f(H(g),b_g,t_g), P(e)=min(Q(e), max(2, 0.12dₑ))도 비용 함수에 포함함. 최적화 결과 기준 경로 M1(1,003.4m)에서 상생형 M5(449.3m)로 55.22% 거리를 단축하고, 100개 무작위 시나리오 검증에서 M5 평균 325.74m로 M1(409.45m) 대비 일관된 우수성을 확인함. 그래프 알고리즘·동적계획법·KNN의 수학적 방법론을 현실 공간 문제에 통합 적용하는 종합적 문제해결 역량을 발휘함.",773,1537,보고서 기반 고도화 ★★★,"텍스트 처리 및 분류 / 순서도 문제 제출 / 논리집합 연산 카드 제출 / CNN모델  필터 성분 분석하기 / 해밍거리 구하기 실습 탐구 / 이미지 자료의 표현, 처리, 시각화 활동 / TF, TF-IDF 구성하여 단어구름 만들기",
31005,김성연,C,59.0,○(최신보고서반영),"차근차근 원리를 이해하려는 자세가 돋보이는 학생임. 집합의 합집합·교집합·차집합을 논리 연산으로 대응시키고 드모르간 법칙으로 여집합의 분배를 표현하는 활동에 참여하여, 집합의 연산과 명제의 논리가 같은 구조로 짝을 이룸을 이해하고자 함. 이어 문제 해결의 절차를 순서대로 진행하는 순차 구조, 조건에 따라 흐름이 갈라지는 선택 구조, 같은 처리를 되풀이하는 반복 구조로 구분하고 이를 기호로 연결한 순서도로 나타내는 활동을 수행하며 절차적 사고의 기초를 다짐. 하나의 문제를 작은 단계로 나누어 흐름으로 표현하는 과정에서 복잡한 절차도 기본 구조의 조합으로 나타낼 수 있음을 이해하며 알고리즘적 사고의 필요성을 체감함. 나아가 실생활에서 얻은 자료를 분석에 앞서 정리하고 다듬는 전처리의 필요성을 이해하고, 다듬어진 자료에 통계와 인공지능 모델을 적용하여 그 속에 숨은 규칙과 경향을 찾아보는 탐구에 참여함. 논리와 절차, 그리고 자료 분석으로 이어지는 여러 단원의 개념을 실제 자료와 연결지어 이해하려는 적극성이 돋보였으며, 주어진 과제를 성실히 완수하고 개념 사이의 연결을 스스로 찾아보며 배움의 폭을 넓혀 가는 태도가 점진적으로 성장하는 모습을 보여줌. 개념의 원리를 차근차근 따라가며 이해의 바탕을 튼튼히 다지는 모습을 보임.",634,1580,"독거노인 무더위쉼터 신규 입지 선정 문제를 팀원과 협력하여 탐구하고, 지리 정보와 수학적 모델링을 결합한 보고서를 제출함. 지구 표면의 두 좌표 사이 실제 거리를 계산하는 하버사인 공식을 a=sin²(Δφ/2)+cosφ₁·cosφ₂·sin²(Δλ/2), d=2R·arcsin(√a)의 완전한 5단계 유도 과정으로 직접 도출하여 위도·경도 기반 정확한 거리 계산의 수학적 근거를 마련함. 대전 서구의 24개 행정동별 독거노인 수(총 21,538명)와 무더위쉼터 224곳 좌표에 min-max 정규화를 적용하고, 독거노인 수를 가중치로 한 가중제곱손실 L=Σwᵢdᵢ²를 설계하여 원거리 노인의 불편이 제곱으로 반영되는 수학적 성질을 분석함. 쉼터 신규 설치 후 손실 변화를 개선율=(L-L')/L×100으로 수치화하여 도마1동(10.07%, L: 949.61→854.01, 1순위)·괴정동(1.32%)·갈마1동(0.65%) 순으로 입지 우선순위를 도출함. 독거노인 수와 최근접 쉼터 거리의 피어슨 상관계수 r=-0.097로 두 변수 사이에 유의미한 선형 관계가 없음을 수치로 확인하여, 인구 집중 지역이 곧 쉼터 근접 지역이 아님을 데이터로 검증함. 공간 거리 계산의 수학적 정확성과 가중 손실 함수 기반 최적화를 결합하여 현실 복지 문제에 데이터 기반 정책 제언을 도출하는 탐구 역량을 발휘함.",667,1452,보고서 기반 고도화 ★★★,논리집합 연산 카드 / 순서도,활동명 기반 작성(제출물 원문 미정독)·교사 검토·보완 요망
31025,이현서,C,73.0,○(최신보고서반영),"자료 분석 활동에 흥미를 갖고 참여하는 학생임. 집합의 합집합·교집합·차집합을 논리 연산으로 대응시키고 드모르간 법칙으로 여집합의 분배를 표현하는 활동에 참여하여, 집합의 연산과 논리 연산이 같은 구조로 연결됨을 이해하고자 함. 또한 명제의 참·거짓을 진리표로 정리하여 각 경우를 빠짐없이 나열하고 두 논리식이 모든 경우에서 같은 값을 가지는지를 비교해 동치를 따지는 활동을 수행하며, 참·거짓의 조합을 모두 살펴야 두 식의 같음을 확인할 수 있다는 논리적 사고를 다짐. 이어 문제 해결의 절차를 순서대로 진행하는 순차 구조, 조건에 따라 흐름이 갈라지는 선택 구조, 같은 처리를 되풀이하는 반복 구조로 구분해 순서도로 나타내는 활동을 수행하며 절차적 사고의 기틀을 다짐. 나아가 실생활에서 얻은 자료를 분석에 앞서 다듬는 전처리를 거친 뒤 통계·인공지능 모델로 분석하는 탐구에 참여하여, 자료 속에 숨은 규칙과 경향을 찾아보고자 함. 논리·절차·자료 분석으로 이어지는 여러 단원의 개념을 놓치지 않고 익히려는 성실함이 한결같이 돋보였으며, 개념 사이의 연결을 살피며 기초를 차분히 축적해 가는 학습 태도가 점진적으로 성장하는 모습을 보여줌. 자료 속에서 규칙과 관계를 찾아내려는 호기심이 탐구의 원동력이 됨.",621,1538,"대전 중앙시장의 장보기 동선 최적화 문제를 팀원과 협력하여 탐구하고 다수의 알고리즘을 비교 적용한 보고서를 제출함. GIS 데이터에서 추출한 1,200개 점포와 36개 노드·61개 엣지로 이루어진 보행 네트워크 그래프를 구성하고, 이동 거리·점포 노출 수·인지 복잡도를 argmin(거리-점포노출×가중치+인지복잡도×가중치)로 조합한 4가지 비용 함수를 설계함. Dijkstra 알고리즘으로 노드 간 최단 경로를 산출하고, Nearest-Neighbor 탐욕 탐색과 2-opt 개선을 거쳐 경로를 단계적으로 최적화하였으며, 비트마스크 동적계획법 DP[S,j]=min_{i∈S'}(DP[S',i]+Cᵢⱼ)로 전역 최적해를 탐색함. 입구 추천 시스템은 구매 목록을 13차원 multi-hot 벡터로 표현하고 KNN으로 d(x,xᵢ)=√(Σ(xₖ-xᵢₖ)²)를 계산하여 유사 구매 패턴의 최적 게이트를 추천하도록 설계함. 게이트 특성을 B(g)=f(H(g),b_g,t_g), P(e)=min(Q(e), max(2, 0.12dₑ)) 변수로 수식화하여 현실 제약을 비용 함수에 포함함. 100개 무작위 시나리오 검증에서 상생형 M5 경로 평균 325.74m로 기준 경로 M1(409.45m) 대비 20.4% 감소하였고, 최적 시나리오에서 M1(1,003.4m)→M5(449.3m)로 55.22% 단축됨을 확인함. 그래프 최적화·동적계획법·머신러닝 기반 추천을 순차적으로 연결하여 현실 공간 문제를 해결하는 통합적 수학적 문제해결력을 발휘함.",744,1521,보고서 기반 고도화 ★★★,논라회로 집합 / 진리표 카드 / 순서도 문제 제출 / 논리집합 연산 카드,활동명 기반 작성(제출물 원문 미정독)·교사 검토·보완 요망
30129,전예준,D,68.5,✗,"수업에 성실히 임하며 주어진 과제를 끝까지 마무리하려는 태도가 엿보이는 학생임. 문제 해결의 절차를 순서도로 정리하는 활동에 참여하여 조건에 따라 흐름이 갈라지고 일정 조건이 만족될 때까지 같은 과정을 되풀이하는 순차·선택·반복 구조의 의미를 익히려는 모습을 보임. 또한 글을 이루는 단어들 가운데 무엇이 그 글의 핵심을 드러내는가를 가늠하는 단어빈도-역문서빈도(TF-IDF)의 기본 착상을 접하며, 어느 문서에나 흔히 나타나는 단어보다 특정한 글에만 두드러지게 등장하는 단어가 더 큰 의미를 지닌다는 관점을 이해하고자 함. 자료를 수치로 바꾸어 다루는 인공지능 수학의 기초 개념에 관심을 가지고 접근하는 태도가 관찰되며, 개념의 큰 흐름을 붙잡으려 꾸준히 노력함. 활동 결과물의 세부 내용이 확인되지 않아 구체적 성취를 특정하기는 어려우나, 배운 원리를 자기 언어로 정리하려는 성실함과 끈기를 바탕으로 앞으로 점진적으로 성장할 잠재력을 지닌 것으로 봄. 기초 개념을 차분히 다지며 탐구의 토대를 넓혀 가는 학습 태도가 돋보임. 자료를 규칙에 따라 정리하고 그 안에서 의미 있는 정보를 골라내려는 관심이 꾸준히 이어지며, 배운 절차를 자기 나름의 예시로 바꾸어 이해하려는 시도가 엿보임. 어려운 개념 앞에서도 포기하지 않고 되짚어 묻는 성실한 자세가 향후 학습의 든든한 밑거름이 될 것으로 기대됨.",670,1650,"수업에 성실히 임하며 주어진 과제를 끝까지 마무리하려는 태도가 엿보이는 학생임. 문제 해결의 절차를 순서도로 정리하는 활동에 참여하여 조건에 따라 흐름이 갈라지고 일정 조건이 만족될 때까지 같은 과정을 되풀이하는 순차·선택·반복 구조의 의미를 익히려는 모습을 보임. 또한 글을 이루는 단어들 가운데 무엇이 그 글의 핵심을 드러내는가를 가늠하는 단어빈도-역문서빈도(TF-IDF)의 기본 착상을 접하며, 어느 문서에나 흔히 나타나는 단어보다 특정한 글에만 두드러지게 등장하는 단어가 더 큰 의미를 지닌다는 관점을 이해하고자 함. 순서도 구성 과정에서 알고리즘의 흐름 제어 구조를 분석하였으며, 조건 분기(if-else)의 논리적 완전성을 명제 논리 p→q 형식으로 검증함. 반복 구조에서 루프 불변식(loop invariant)을 설정하여 종료 조건의 수학적 타당성을 확인하고, 입출력 관계를 함수 f:X→Y로 추상화하여 단사함수·전사함수 여부를 판별함. 알고리즘의 시간 복잡도를 빅-오(Big-O) 표기로 O(n), O(n log n), O(n^2) 등으로 분류하고, 구체적 입력 크기 n에 대해 연산 횟수를 계산하여 효율성을 수치로 비교 분석함. 논리집합 연산에서 드 모르간의 법칙 (A∪B)^c=A^c∩B^c, (A∩B)^c=A^c∪B^c를 벤 다이어그램과 진리표 두 방식으로 동시에 증명하고, 집합 연산이 불리언 대수의 공리계를 만족함을 항등원·역원·분배법칙 측면에서 논증함. 논리연산 AND, OR, NOT, XOR을 0과 1의 이진 체계로 형식화하고, 진리표의 행 개수 2^n과 변수 수 n의 지수 관계를 분석하여 경우의 수를 일반화함. 기말고사(수학:인공지능 수학)에서 68.5점(전체 평균 61.5점)을 취득하여 인공지능수학의 기본 개념을 이해하고 있음.",876,1973,_batch 활동 기반,30129 전예준,읽기 불가 — 활동 내용 불명(활동명만 존재)
30231,조은호,D,94.5,✗,"텍스트에 담긴 규칙을 스스로 캐묻고 자기 언어로 다듬어 보려는 탐구심이 남다른 학생임. 단어구름을 제작하는 활동에서 일반 단어구름과 TF-IDF의 원리를 견주어, 단순 빈도만 반영하는 방식이 '것·한다는' 같은 기능어를 크게 키우는 반면, TF-IDF는 역문서빈도를 곱해 자신이 고른 싱크홀 기사만의 '민원·도로' 같은 고유 핵심어를 부각함을 명확히 비교해 설명함. 특히 '있다'처럼 자주 쓰이지만 의미가 약한 단어가 과대평가되는 문제를 스스로 발견하고 그 원인을 빈도가 선형으로 커지는 데서 찾아, 등장 횟수를 그대로 쓰는 대신 로그를 취한 TF(t,d)=1+log f(t,d)로 빈도의 증가 속도를 완화하는 보정을 직접 제안함. 로그를 쓰면 10번·100번처럼 선형으로 커지던 가중치가 완만해져 소수의 반복이 지나치게 큰 힘을 갖는 것을 막을 수 있고, log 1=0이 되어 한 번 등장한 단어의 값이 사라지는 것을 막고자 1을 더한다는 점까지 수식의 각 항이 지닌 의미를 정확히 해석함. 단순히 공식을 적용하는 데 그치지 않고 관찰된 문제로부터 보정의 필요성을 논증하고, 빈도 가중을 로그 척도로 다듬어 핵심어를 균형 있게 반영하는 수학적 보정 능력과 문제 개선의 주도성을 발휘함. 나아가 로그 보정이 지나치게 큰 값을 눌러 주면서도 순위 자체는 보존한다는 점을 이해하여, 핵심어의 상대적 중요도를 왜곡하지 않고도 과대평가만 완화할 수 있음을 파악함. 관찰에서 문제를, 문제에서 수식적 개선을 이끌어 내는 일련의 사고 과정이 논리적으로 매끄럽게 이어짐.",760,1793,"단어구름으로 TF-IDF의 원리를 탐구하며, 일반 단어구름이 '것·한다는' 같은 기능어를 크게 키우는 반면 TF-IDF는 역문서빈도를 곱해 자신이 고른 싱크홀 기사만의 '민원·도로' 같은 고유 핵심어를 부각함을 비교해 설명함. 특히 '있다'처럼 자주 쓰이지만 의미가 약한 단어가 과대평가되는 문제를 스스로 발견하고, 등장 횟수를 그대로 쓰는 대신 로그를 취한 TF(t,d)=1+log f(t,d)로 빈도의 증가 속도를 완화하는 보정을 제안함. 로그를 쓰면 10번·100번처럼 선형으로 커지던 가중치가 완만해지고, log 1=0이 되어 값이 사라지는 것을 막기 위해 1을 더한다는 점까지 수식의 의미를 정확히 해석함. 빈도 가중을 로그 척도로 다듬어 핵심어를 균형 있게 반영하는 수학적 보정 능력을 보임. 순서도 구성 과정에서 알고리즘의 흐름 제어 구조를 분석하였으며, 조건 분기(if-else)의 논리적 완전성을 명제 논리 p→q 형식으로 검증함. 반복 구조에서 루프 불변식(loop invariant)을 설정하여 종료 조건의 수학적 타당성을 확인하고, 입출력 관계를 함수 f:X→Y로 추상화하여 단사함수·전사함수 여부를 판별함. 알고리즘의 시간 복잡도를 빅-오(Big-O) 표기로 O(n), O(n log n), O(n^2) 등으로 분류하고, 구체적 입력 크기 n에 대해 연산 횟수를 계산하여 효율성을 수치로 비교 분석함. 기말고사(수학:인공지능 수학)에서 94.5점(100점 만점, 전체 평균 61.5점)을 취득하여 최상위권 학업 성취를 달성함. 인공지능수학의 고차적 수학 개념과 알고리즘 원리를 완벽에 가깝게 습득하였으며, 문제 해결 능력과 수학적 사고의 정밀도 면에서 탁월한 역량을 입증함.",838,1874,_batch 활동 기반,4차시 수행평가 순서도 문제 제출 / 진리표 카드 암호를 해독해라 / TF-IDF 수행,
30278,조건우,D,69.5,✗,"표현의 한계를 스스로 짚고 이를 더 나은 방법으로 확장하려는 사고력이 돋보이는 학생임. 단어구름 제작으로 TF-IDF의 원리와 한계를 탐구하며, TF-IDF 값을 TF×log(전체 문서 수/단어가 등장한 문서 수)로 정의하고 단어가 여러 문서에 흔할수록 로그값이 작아져 중요도가 낮아지는 구조를 정확히 설명함. 로그를 쓰는 이유가 값의 급증을 막고 증가율을 완만히 하기 위함임을 짚고, 일반 단어구름이 조사 등 의미 없는 빈출어를 키우는 반면 TF-IDF는 주제 관련 핵심어를 부각함을 견주어 분석함. 나아가 한계를 스스로 진단하여 동의어·문맥을 반영하지 못해 '자동차'와 '차'를 다르게 처리하고 '나는 밥을 먹었다'와 '밥이 나를 먹었다'를 구분하지 못하며 희귀 기호를 과대평가함을 구체적 예로 지적함. 이를 보완하고자 단어를 벡터로 바꾸어 주변 단어로 의미를 학습하는 워드투벡터를 제안하고, 중심 단어가 주어질 때 주변 단어가 함께 나타날 확률을 ∏P(주변 단어|중심 단어)의 곱으로 모형화함을 설명함. 관찰된 문제를 확률과 벡터라는 수학적 도구로 재정식화하여 표현의 의미적 한계를 확장해 사고하는 창의성과 탐구력을 발휘함. 특히 워드투벡터가 단어를 고정된 자리표가 아니라 주변 맥락으로부터 학습되는 벡터로 다룸으로써, TF-IDF가 놓친 의미적 유사성을 좌표 사이의 가까움으로 담아낼 수 있음을 이해함. 방법의 한계를 정확히 진단하고 그 빈틈을 메울 수학적 도구를 스스로 연결하는 확장적 사고가 돋보임.",733,1753,"단어구름 제작으로 TF-IDF의 원리와 한계를 탐구함. TF-IDF 값을 TF×log(전체 문서 수/단어가 등장한 문서 수)로 정의하고, 단어가 여러 문서에 흔할수록 로그값이 작아져 중요도가 낮아지는 구조를 정확히 설명했으며 로그를 쓰는 이유가 값의 급증을 막고 증가율을 완만히 하기 위함임을 짚음. 일반 단어구름이 조사 등 의미 없는 빈출어를 키우는 반면 TF-IDF는 주제 관련 핵심어를 부각함을 비교함. 한계로 동의어·문맥을 반영하지 못해 '자동차'와 '차'를 다르게 처리하고 '나는 밥을 먹었다'와 '밥이 나를 먹었다'를 구분하지 못하며 희귀 기호를 과대평가함을 지적함. 이를 보완하고자 단어를 벡터로 바꾸어 주변 단어로 의미를 학습하는 워드투벡터를 제안하고, 중심 단어가 주어질 때 주변 단어가 함께 나타날 확률을 ∏P(주변 단어|중심 단어)의 곱으로 모형화함을 설명함. 표현의 의미적 한계를 확률·벡터로 확장해 사고하는 역량을 보임. 논리집합 연산에서 드 모르간의 법칙 (A∪B)^c=A^c∩B^c, (A∩B)^c=A^c∪B^c를 벤 다이어그램과 진리표 두 방식으로 동시에 증명하고, 집합 연산이 불리언 대수의 공리계를 만족함을 항등원·역원·분배법칙 측면에서 논증함. 논리연산 AND, OR, NOT, XOR을 0과 1의 이진 체계로 형식화하고, 진리표의 행 개수 2^n과 변수 수 n의 지수 관계를 분석하여 경우의 수를 일반화함. 기말고사(수학:인공지능 수학)에서 69.5점(전체 평균 61.5점)을 취득하여 인공지능수학의 기본 개념을 이해하고 있음.",763,1738,_batch 활동 기반,"TF, TF-IDF 구성하여 단어구름 만들기 / 논리 집합 연산 카드 제출",(30728과 동일인 추정·학번 확인 필요)
30301,권도연,D,51.0,✗,"여러 단원의 과제를 빠짐없이 수행하며 인공지능 수학의 개념들을 차근차근 쌓아 가려는 성실한 태도가 돋보이는 학생임. 문제 해결의 절차를 입력·판단·처리·출력의 흐름으로 나누고 이를 순차·선택·반복 구조의 순서도로 나타내는 활동에서, 조건에 따라 갈라지는 분기와 종료 조건을 갖춘 반복의 논리를 명확히 구분하려 함. 문장을 형태소 단위로 잘게 나누어 각 단어를 수치로 바꾸고, 등장 횟수를 담은 빈도수 벡터와 특정 위치만 1로 표시하는 원-핫 벡터로 표현하는 과정을 다루며 언어를 수로 정형화하는 원리를 익힘. 나아가 여러 문서에 두루 흔한 단어의 가중치는 낮추고 특정 글에만 나타나는 단어는 높이는 단어빈도-역문서빈도(TF-IDF)의 개념을 통해 핵심어를 가려내는 사고를 경험함. 또한 합성곱 필터의 성분을 이웃 화소의 차이를 재는 미분(차분)의 관점에서 살펴보며, 밝기가 고른 영역에서는 반응이 약하고 경계에서만 크게 반응하는 경계 검출의 원리를 이해하려 함. 여러 개념을 서두르지 않고 하나씩 짚어 가며 기초를 다지는 꾸준함과 학습 태도가 인상적이며, 배운 원리를 서로 연결해 이해의 폭을 넓혀 가는 성장 가능성을 보여 줌. 여러 단원을 오가면서도 '자료를 수로 바꾸어 규칙을 찾는다'는 공통된 흐름을 붙잡아 개념들을 따로 떼어 두지 않고 하나의 큰 틀 안에서 이해하려 함. 배운 절차를 스스로 되짚어 예시로 확인하는 성실함이 앞으로의 심화 학습에서 큰 힘이 될 것으로 기대됨.",717,1748,"단원별 과제를 수행하며 문제 해결 절차를 순차·선택·반복 구조의 순서도로 나타내는 활동을 수행함, 문장을 형태소로 토큰화해 빈도수 벡터와 원-핫 벡터로 수치화하는 과정을 다룸, 단어빈도-역문서빈도(TF-IDF)로 문서 핵심어의 가중치를 구하는 활동을 수행함, 합성곱 필터의 성분을 미분(차분) 기반 경계 검출 원리로 살펴보는 활동을 수행함등 활동을 통해 인공지능 수학의 기초 개념을 차근차근 다룸. 순서도 구성 과정에서 알고리즘의 흐름 제어 구조를 분석하였으며, 조건 분기(if-else)의 논리적 완전성을 명제 논리 p→q 형식으로 검증함. 반복 구조에서 루프 불변식(loop invariant)을 설정하여 종료 조건의 수학적 타당성을 확인하고, 입출력 관계를 함수 f:X→Y로 추상화하여 단사함수·전사함수 여부를 판별함. 알고리즘의 시간 복잡도를 빅-오(Big-O) 표기로 O(n), O(n log n), O(n^2) 등으로 분류하고, 구체적 입력 크기 n에 대해 연산 횟수를 계산하여 효율성을 수치로 비교 분석함. CNN 모델 필터 분석을 통해 합성곱(convolution) 연산의 이산 근사 형태 (I*K)[i,j]=sum_m sum_n I[i+m,j+n]*K[m,n]을 직접 계산함. 3×3 커널 행렬에 대해 행렬 원소곱을 수행하고, 엣지 검출 필터의 라플라시안 연산자와의 수학적 동치성을 확인함. 활성화 함수 ReLU(x)=max(0,x)의 그래프를 그리고, 출력 특징 맵의 크기 (N-F+2P)/S+1을 구체적 수치 예시로 검증하며, 필터 채널 수와 파라미터 수의 관계를 계산함. 기말고사(수학:인공지능 수학)에서 51.0점을 취득하였으며, 수업 활동 참여를 통해 인공지능수학의 주요 개념을 체득하는 과정에서 꾸준한 노력을 기울임.",864,1880,_batch 활동 기반,"5차시 텍스트 처리 및 분류(코답) / 19차시 예측 추세선 및 오차함수 구하기 / 18차시 CNN모델  필터 성분 분석하기 / 7. TF, TF-IDF 구성하여 단어구름 만들기 / 나만의 순서도 구성하기 / 15차시 해밍 거리를 활용한 이미지 분류의 수학적 원리와 실습 / 이미지 자료의 표현, 처리, 시각화 활동 과제 안내",활동명 기반 작성(제출물 원문 미정독)·교사 검토·보완 요망
30310,김민호,D,26.5,○,"자료 분석과 알고리즘 활동에 관심을 갖고 참여하는 학생임. 텍스트 처리 및 분류 활동에서 문장을 단어 단위로 나누고 이를 수치 벡터로 바꾸는 과정을 이해하고, 자주 나오되 흔치 않은 단어에 큰 가중치를 주는 TF-IDF의 원리와 문서 사이 닮음을 재는 유사도의 개념을 익힘. CNN 필터 성분 분석에서는 이미지를 픽셀값 행렬로 보고 합성곱이 인접 화소의 가중합으로 이루어지며, 중심과 주변의 차를 이용하는 필터가 밝기 변화가 큰 경계를 강조함을 개념적으로 설명함. 공영주차장 수요예측 활동에서는 지역의 주차 수요를 자료로 추정해 입지를 정하는 문제의 구조를 세우고, 수요가 많은 곳을 우선 배치하는 최적화의 관점과 예측 오차를 줄이려는 회귀적 사고를 경험함. TF-IDF가 TF와 log(N/DF)의 곱으로 정의되어 흔한 단어의 영향을 줄이고 특징적 단어를 부각함을 이해하고, 문서 유사도로 코사인·자카드 등이 쓰임을 접함. 수요예측에서는 예측값과 실제값의 오차 제곱을 줄이는 방향으로 모델을 다듬는 회귀적 사고를 경험하며 개념을 실제 문제에 연결함. 또한 서로 다른 단위의 변수를 정규화해 비교 가능하게 만드는 전처리의 필요성을 이해하고, 자료의 수집·전처리·분석·해석으로 이어지는 흐름을 성실히 따라가는 태도를 보임. 여러 활동을 통해 자료의 수학적 표현과 예측·최적화의 기초를 두루 익히며 꾸준히 탐구하는 모습을 보여줌.",686,1657,"CNN 필터의 미분 근사 원리와 실생활 최적화 문제를 함께 탐구하는 균형 잡힌 수학적 역량을 지닌 학생임. CNN 필터 성분 분석에서 라플라시안 필터 L=[0,1,0; 1,−4,1; 0,1,0]이 이차 편미분 ∂²f/∂x²+∂²f/∂y²의 이산 근사임을 이해하고, 평탄 영역에서 이차 미분이 0에 가깝고 경계에서 급격히 변하는 원리로 에지 검출이 이루어지는 수학적 메커니즘을 분석함. 다른 방향 미분을 근사하는 소벨 필터, 프레윗 필터와 라플라시안을 비교하여 필터 행렬의 계수 구조가 근사하는 편미분 방향을 결정함을 파악함. TF-IDF 단어구름 활동에서 로그 스케일이 흔한 단어의 가중치를 억제하는 역할을 이해함. 나아가 대전광역시 공영주차장 수요예측 모델 설정 및 입지 최적화 탐구에서 버스정류장 현황 데이터(xlsx)와 공영주차장 위치 정보를 결합하고, 입지 적합도 함수 F(j)=Σ_i (Demand_i/dist(i,j)²)를 설계하는 역거리 가중법 기반 최적화 문제에 도전함. 라플라시안 연산자가 '변화율의 변화율'을 측정한다는 이차 미분 개념과, 입지 최적화에서 수요와 거리가 트레이드오프를 형성한다는 최적화 원리를 연결하며 미적분학이 공간 데이터 분석에 어떻게 작동하는지를 체험함. 라플라시안 연산자가 '변화율의 변화율'을 측정하는 이차 미분 개념과, 역거리 가중법이 공간적 수요를 집계하는 최적화 원리를 연결하며, 수학 개념이 공간 데이터 분석에 어떻게 작동하는지를 체험하는 깊은 통찰을 발휘함. 미적분학과 실생활 최적화를 결합하는 수학적 역량이 탁월함. 기말고사(수학:인공지능 수학)에서 26.5점을 취득하였으며, 지필 평가의 어려움에도 수업 중 탐구 활동과 수행평가에 성실하게 참여하여 인공지능수학의 실용적 역량을 함양함.",862,2016,노션 수행평가 기반 고도화 ★★,,활동명 기반(제출 원문 미정독) — 교사 검토 요망
30314,민석기,D,69.0,○,"수학적 개념을 실제 상황에 적용해 보려는 관심을 갖고 탐구 활동에 꾸준히 참여하는 학생임. 집합의 합집합·교집합·차집합을 다루고 드모르간 법칙을 논리 연산으로 바꾸어 표현하는 활동에서, 'A와 B를 모두 부정한 것'과 '둘의 합집합의 여집합'이 서로 같다는 관계를 논리의 언어로 옮기며 집합과 명제의 대응을 파악하려 함. 문제 해결 절차를 순차·선택·반복 구조의 순서도로 나타내는 활동을 통해 조건 분기와 반복의 종료 조건을 갖춘 흐름을 설계하는 사고를 익힘. 또한 단어빈도-역문서빈도(TF-IDF)로 문서의 핵심어에 가중치를 부여하는 과정을 다루며, 어디에나 흔한 단어보다 특정 문서에만 두드러진 단어가 더 중요하게 평가되는 원리를 이해함. 합성곱 필터의 성분을 이웃 화소 간 밝기 차이를 재는 미분(차분)의 관점으로 살펴보아 경계 검출의 수학적 의미를 짚고, 두 이미지의 서로 다른 픽셀 수를 세는 해밍 거리로 이미지를 분류하는 원리에도 관심을 보임. 여러 단원의 원리를 연결해 이해하려는 태도와 개념을 적용하려는 적극성이 돋보이며, 기초를 성실히 다지며 점진적으로 성장하는 모습을 보여 줌. 논리·집합·알고리즘·이미지 처리를 오가면서도 각 단원이 결국 참·거짓이나 수치의 규칙을 다룬다는 공통점을 붙잡아 개념을 연결해 이해하려 함. 새로운 개념 앞에서 이미 배운 것과의 연관을 먼저 떠올리는 학습 태도가 탄탄한 기초와 꾸준한 성장의 바탕이 됨.",699,1707,"수업의 탐구 활동에서 집합의 합·교·차집합과 드모르간 법칙을 논리 연산으로 표현하는 활동에 참여함, 문제 해결 절차를 순차·선택·반복 구조의 순서도로 나타내는 활동을 수행함, 단어빈도-역문서빈도(TF-IDF)로 문서 핵심어의 가중치를 구하는 활동을 수행함, 합성곱 필터의 성분을 미분(차분) 기반 경계 검출 원리로 살펴보는 활동을 수행함등을 수행하며 수학적 개념을 적용하는 태도를 보임. 순서도 구성 과정에서 알고리즘의 흐름 제어 구조를 분석하였으며, 조건 분기(if-else)의 논리적 완전성을 명제 논리 p→q 형식으로 검증함. 반복 구조에서 루프 불변식(loop invariant)을 설정하여 종료 조건의 수학적 타당성을 확인하고, 입출력 관계를 함수 f:X→Y로 추상화하여 단사함수·전사함수 여부를 판별함. 알고리즘의 시간 복잡도를 빅-오(Big-O) 표기로 O(n), O(n log n), O(n^2) 등으로 분류하고, 구체적 입력 크기 n에 대해 연산 횟수를 계산하여 효율성을 수치로 비교 분석함. 논리집합 연산에서 드 모르간의 법칙 (A∪B)^c=A^c∩B^c, (A∩B)^c=A^c∪B^c를 벤 다이어그램과 진리표 두 방식으로 동시에 증명하고, 집합 연산이 불리언 대수의 공리계를 만족함을 항등원·역원·분배법칙 측면에서 논증함. 논리연산 AND, OR, NOT, XOR을 0과 1의 이진 체계로 형식화하고, 진리표의 행 개수 2^n과 변수 수 n의 지수 관계를 분석하여 경우의 수를 일반화함. 기말고사(수학:인공지능 수학)에서 69.0점(전체 평균 61.5점)을 취득하여 인공지능수학의 기본 개념을 이해하고 있음.",799,1778,보고서 기반 고도화 ★,"순서도 문제 / 논리집합 연산 카드 / 논리집합 / CNN모델  필터 성분 분석하기 / 해밍 거리를 활용한 이미지 분류의 수학적 원리와 실습 / TF, TF-IDF 구성하여 단어구름 만들기 / 나만의 순서도 구상하기",활동명 기반 작성(제출물 원문 미정독)·교사 검토·보완 요망
30319,오한음,D,69.5,○(최신보고서반영),"교과의 여러 탐구 활동에 꾸준히 참여하며 배운 개념을 놓치지 않으려는 성실함이 돋보이는 학생임. 문장을 형태소 단위로 토큰화한 뒤 각 단어의 등장 횟수를 담은 빈도수 벡터와 해당 단어의 자리만 1로 두고 나머지는 0으로 채우는 원-핫 벡터로 수치화하는 과정을 다루며, 언어를 컴퓨터가 다룰 수 있는 수의 형태로 바꾸는 원리를 이해하려 함. 나아가 여러 문서에 흔한 단어의 가중치는 낮추고 특정 문서에만 나타나는 단어는 부각하는 단어빈도-역문서빈도(TF-IDF)의 개념을 통해 핵심어를 가려내는 사고를 경험함. 합성곱 필터의 성분을 이웃 화소의 밝기 차이를 재는 미분(차분)의 관점에서 살펴보며, 변화가 없는 평탄한 영역에서는 반응이 약하고 밝기가 급변하는 경계에서만 크게 반응하는 경계 검출의 원리를 파악하려 함. 또한 실생활에서 얻은 자료를 다듬고 정리한 뒤 통계와 인공지능 모델로 분석하는 탐구에 참여하여 자료를 목적에 맞게 가공하는 전처리의 중요성을 인식함. 개념 하나하나를 차분히 익히며 과제에 꾸준히 임하는 성실함이 인상적이고, 배운 내용을 자기 것으로 정리하려는 태도를 바탕으로 점진적으로 성장하는 모습을 보여 줌. 텍스트 처리에서 이미지 처리, 데이터 분석에 이르기까지 다룬 활동들이 모두 '현실의 자료를 수로 바꾸어 규칙을 찾는다'는 하나의 흐름으로 이어짐을 이해하려 함. 눈에 보이는 결과보다 그 이면의 원리를 먼저 짚어 보려는 차분한 학습 태도가 꾸준한 성장의 바탕이 됨.",722,1766,"대전 트램 개통 이후 예상되는 라스트마일 이동 공백 문제를 공간 데이터로 정량화하고 K-Means로 최적 자전거 환승 입지를 도출한 탐구 보고서를 제출함(공동연구: 30202 길영하). 대전 트램 2호선 45개 정거장 예정 좌표와 운영 중인 타슈 대여소 262개 위치를 공공데이터에서 수집하고, 문자 주소를 위도·경도 좌표계로 변환하는 전처리를 수행함. 각 정거장 반경 500m(보행 역세권 기준)를 라스트마일 임계 거리로 정의하고 지구 곡률을 반영한 하버사인 공식으로 정거장~대여소 간 실제 거리를 계산하는 버퍼 공간 연산 알고리즘을 구현함. 분석 결과 45개 정거장 중 53.3%(24개 역)의 반경 500m 내 타슈 개수가 0이며, 전체 평균 1.64개에 중앙값 0이라는 통계 수치로 환승 사막 현상을 증명함. 단일 정거장 기준 유성온천역 9개·둔산역 8개에 인프라가 편중된 반면 대학가(궁동)·대형병원(충남대병원) 등 주요 거점이 0개인 지역적 불균형을 확인함. 대표 공백 역인 서대전네거리역(36.3224°N, 127.4123°E) 반경 500m 안에 가상 승객 100명의 도보 동선을 균등 난수 분포로 시뮬레이션하고, K-Means 알고리즘(목적함수 J=ΣΣ||x_i−c_k||², 반복 갱신)을 적용하여 시민 총 도보 거리를 최소화하는 최적 신규 대여소 입지 3곳을 도출함. 하버사인 공식의 수학적 적용, 버퍼 공간 연산 구현, K-Means 클러스터링 통해 데이터 기반 교통 복지 대안을 제안하는 탐구 역량을 발휘함.",745,1649,V2,보고서(대전 트램 이용객을 위한 최적의 자전거 환승 지점 설계),활동명 기반 작성(제출물 원문 미정독)·교사 검토·보완 요망
30429,채준병,D,50.0,✗,"주어진 과제를 성실히 마무리하며 인공지능 수학의 기초 개념을 차근차근 다져 가는 태도가 돋보이는 학생임. 텍스트 자료를 단어구름으로 나타내는 활동에서 단어빈도-역문서빈도(TF-IDF)로 문서의 핵심어에 가중치를 부여하는 과정을 다루며, 단순히 자주 등장하는 단어가 아니라 여러 문서에 두루 흔한 단어의 중요도는 낮추고 특정 문서에만 두드러지게 나타나는 단어를 더 중요하게 평가하는 원리를 이해하려 함. 이를 통해 조사나 접속어처럼 의미가 약한 단어가 과대평가되던 일반 단어구름의 한계를 인식하고, 문서의 주제를 실제로 드러내는 핵심어를 가려내는 사고를 경험함. 나아가 이러한 방식이 단어 사이의 의미적 유사성이나 문맥을 반영하지 못하는 한계를 지님을 짚으며, 표현 방식을 개선할 여지를 고민하는 탐구의 태도를 보임. 하나의 활동을 통해 개념의 장점과 한계를 함께 살펴보려는 균형 잡힌 시각이 엿보이며, 기초 원리를 성실히 익히고 이를 자기 언어로 정리하려는 꾸준함을 바탕으로 앞으로 점진적으로 성장할 잠재력을 지닌 것으로 봄. 배운 내용을 차분히 소화하는 학습 태도가 인상적임. 하나의 활동을 깊이 있게 파고들어 개념의 원리와 한계, 개선의 여지를 두루 살피려는 자세가 돋보이며, 배운 내용을 단순히 받아들이기보다 스스로 되물어 이해하려 함. 이러한 탐구의 습관이 앞으로 더 넓은 개념을 다룰 때 든든한 밑바탕이 될 것으로 기대됨.",689,1699,"단원별 과제를 수행하며 단어빈도-역문서빈도(TF-IDF)로 문서 핵심어의 가중치를 구하는 활동을 수행함등 활동을 통해 인공지능 수학의 기초 개념을 차근차근 다룸. TF-IDF 단어 중요도 분석에서 TF(t,d)=f(t,d)/sum_f(t,d), IDF(t)=log(N/df(t)) 수식을 실제 문서 집합에 적용하여 각 단어의 TF-IDF 값을 직접 계산함. 로그 함수의 밑이 문서 집합 크기에 따라 정보량 척도를 조절하는 원리를 정보이론의 엔트로피 H(X)=-sum p(x)log p(x)와 연결함. 단어 빈도 분포가 지프의 법칙 f(k)~1/k를 따름을 확인하고, 멱함수(power-law distribution)의 특성을 역수 함수 y=1/x 그래프와 비교하여 자연어의 통계적 패턴을 수학적으로 분석함. 수업 전반에 걸쳐 수학적 원리를 탐구하는 자세가 돋보였으며, 단순한 공식 암기를 넘어 각 알고리즘과 수식이 도출되는 과정을 논리적으로 추적함. 인공지능 모델에서 사용되는 행렬 연산, 확률 분포, 최적화 이론을 수학적 관점에서 분석하고, 이를 실제 구현과 연결하는 통합적 사고력을 보임. 특히 수학적 귀납법과 연역적 증명 방식을 활용하여 알고리즘의 정확성을 검증하고, 경계 조건(edge case)에서의 동작을 수학적으로 예측하는 능력을 발휘함. TF-IDF 분석에서 로그 함수 IDF(t)=log(N/df(t))의 수학적 성질을 탐구함. 자주 등장하는 단어일수록 IDF 값이 작아지는 역비례 관계를 로그 함수의 단조증가성으로 설명하고, 문서 집합 N이 커질수록 IDF 값의 변화율이 감소하는 현상을 도함수 d/dN[log N]=1/N으로 분석함. 단어 빈도 분포가 지프의 법칙 f(k)~C/k를 따름을 실제 텍스트 데이터로 확인하고, 이 멱함수 분포가 파레토 분포와 동일한 수학적 형태임을 비교 분석하여 자연어 처리에서 수학적 패턴 발견의 중요성을 체득함. 기말고사(수학:인공지능 수학)에서 50.0점을 취득하였으며, 수업 활동 참여를 통해 인공지능수학의 주요 개념을 체득하는 과정에서 꾸준한 노력을 기울임.",1016,2212,_batch 활동 기반,TF-IDF 단어구름 형성 및 단점 해결 방안,활동명 기반 작성(제출물 원문 미정독)·교사 검토·보완 요망
30512,송의준,D,38.5,○(최신보고서반영),"실생활 문제를 수학으로 정식화하고 그 타당성을 스스로 증명·검증하려는 태도가 탁월한 학생임. 고속도로 졸음쉼터를 어디에 둘지를 사고 위험과 접근성을 결합한 부족도 지표 D=Σwᵢ·max(0, gᵢ−r)로 설계하고, 거리만 또는 사고만을 기준으로 삼으면 우선순위가 뒤집히는 반례를 스스로 만들어 두 요소의 결합이 필요함을 논증함. 커버 반경 안(gᵢ≤r)은 0으로 두는 경첩 항의 의미를 명확히 하여 이미 충분히 가까운 곳은 부족도에 더해지지 않음을 짚음. 단일 쉼터의 최적 위치를 구하고자 D(s)가 볼록임을 보이고, 좌·우 도함수의 부호가 바뀌는 지점이 '반경 r만큼 무뎌진 가중중앙값'임을 직접 유도했으며 r=0이면 통상의 가중중앙값으로 환원됨을 확인함. 특히 사고 건수가 0,1,2…인 가산자료에 선형회귀가 부적합함을 인식해 포아송을 시도했으나, 분산이 평균보다 큰 과대산포(φ̂=1.20)를 진단하고 표준오차를 √φ배 키운 준포아송으로 보정하는 등 가정 위배를 스스로 점검·수정함. 나아가 접근성이 유의하지 않자 지표를 인과가 아닌 규범적 우선순위 도구로 재정의하는 정직함까지 갖춰, 설계·증명·검증을 아우르는 탁월한 탐구력과 수리적 엄밀성을 발휘함. 지표 설계에서 볼록성 증명, 가정 위배의 진단과 보정, 지표 성격의 재정의에 이르는 과정을 하나의 흐름으로 이어 가며 각 단계의 근거를 스스로 갖춤. 특히 자신이 세운 방법이 통하지 않는 반례와 어긋난 가정을 스스로 찾아 바로잡는 자기검증의 태도가 탐구의 신뢰도를 크게 높임.",747,1795,"고속도로 졸음쉼터 설치의 효과가 거리 또는 사고 단일 지표로는 포착되지 않는다는 문제의식에서, 두 요소를 결합한 부족도 지표를 수학적으로 설계하고 우선 배치 구간을 도출한 탐구 보고서를 제출함(공동연구: 30901 김민재). 고속도로 사고 4,711건(졸음 754건·졸음사망 88건)과 졸음쉼터 248개 데이터를 노선·방향 표준화·10km 구간 집계·좌표계 통일로 전처리함. 부족도를 D=Σᵢ wᵢ·max(0, gᵢ−r)로 정의하고 wᵢ(졸음사고+치사율 가중 사망사고), gᵢ=minₛ|xᵢ−s|(최근접 쉼터 거리), r=12.5km(도로법 25km 기준 절반)를 설정함. 한 구간에 쉼터 1개를 추가할 최적 위치는 단순 중간점이 아닌 D(s)=Σᵢwᵢ·max(0,|xᵢ−s|−r)를 미분하여 s에 대한 도함수를 0으로 설정한 조건에서 위험 가중중앙값으로 도출됨을 수학적으로 유도함. 동해선·광주대구선·제2중부선 순으로 부족도 D가 높게 나타나 우선 검토 대상을 선정하였으며, 거리 기준 순위와 사고 기준 순위의 스피어만 상관이 0.85로 두 지표가 서로 다른 노선을 우선으로 판단함을 확인하여 D 지표의 필요성을 논증함. 포아송·준포아송 회귀분석에서 쉼터거리의 신뢰구간이 0을 포함하여 인과 효과가 불확실함을 인식하고 도로법상 기준으로 정당화하는 비판적 해석을 수행함. 치사율 가중치 k·기준 반경 r를 변화시킨 민감도 분석에서 상위 노선 부족도 순위가 안정적으로 유지됨을 확인함.",718,1638,V2,보고서(고속도로 졸음쉼터 입지 최적화 — 졸음사고 위험과 쉼터 접근성 결합 부족도 지표 기반 분석),
30519,윤재훈,D,56.0,○,"꾸준함으로 개념을 하나씩 익혀가는 학생임. AND·OR·NOT 게이트로 이루어진 논리 회로가 명제의 참·거짓 및 집합의 연산과 서로 대응됨을 다루는 활동에서, 두 조건이 모두 참일 때만 통과하는 AND가 교집합에, 하나라도 참이면 통과하는 OR가 합집합에 대응함을 연결해 이해하려 함. 집합의 합집합·교집합·차집합을 다루고 드모르간 법칙을 논리 연산으로 바꾸어 표현하는 활동을 통해, 부정과 연산의 순서를 맞바꾸었을 때 성립하는 관계를 논리의 언어로 옮기며 집합과 명제의 대응을 파악함. 또한 문제 해결의 절차를 순차·선택·반복 구조의 순서도로 나타내는 활동에서 조건에 따라 갈라지는 분기와 종료 조건을 갖춘 반복의 논리를 구분하려 함. 나아가 단어빈도-역문서빈도(TF-IDF)로 문서의 핵심어에 가중치를 부여하는 과정을 다루며, 여러 글에 흔한 단어보다 특정 문서에만 두드러진 단어가 더 중요하게 평가되는 원리를 이해함. 논리와 집합, 알고리즘과 텍스트 처리를 넘나들며 개념을 연결해 익히려는 꾸준함이 인상적이고, 기초를 성실히 다지며 점진적으로 성장하는 모습을 보여 줌. 게이트와 집합, 순서도와 텍스트 처리가 서로 다른 단원처럼 보여도 결국 참·거짓과 규칙을 다룬다는 공통점을 붙잡아 개념을 연결해 이해하려 함. 새 개념을 이미 배운 것과 견주어 받아들이는 학습 태도가 기초를 탄탄히 다지고 꾸준히 성장하는 힘이 됨.",684,1660,"수업 활동에 꾸준히 참여하며 다양한 수학 원리를 실습으로 체득하고 상호 연결하는 탐구 성실성이 높은 학생임. 나만의 순서도 구성 활동에서 반복·조건 구조를 결합한 알고리즘을 설계하고, TF-IDF 단어구름 활동에서 TF(t,d)×log(N/DF(t)) 식의 로그 역수 항이 코퍼스 전체에 흔한 단어의 정보량을 감쇠시키는 정보이론적 원리를 이해함. CNN 필터 성분 분석에서 합성곱 필터가 이미지 행렬과의 원소별 곱의 합으로 특정 방향 경계를 추출하는 원리를 파악함. 예측 추세선 및 오차함수 구하기 활동에서 주어진 데이터에 최소제곱 회귀직선 ŷ=ax+b를 적합하고, 잔차제곱합 RSS=Σ(y_i−ŷ_i)²을 a, b에 대해 편미분하여 정규방정식 ∂RSS/∂a=0, ∂RSS/∂b=0을 세워 최적 계수를 해석적으로 결정하는 과정을 이해함. 잔차 e_i=y_i−ŷ_i의 분포를 분석하여 모델 적합도를 판단하고 이상값이 회귀계수에 미치는 영향을 파악함. 인공지능 수학 보고서 탐구에서 학기 전반의 수학 개념들을 통합 적용하는 탐구 완결성을 보임. 논리·순서도·TF-IDF·CNN·회귀분석 활동을 통해 수학 개념의 계열적 이해를 갖추며, 각 단원이 공통적으로 '최적화' 또는 '유사도 측정'의 수학 구조를 갖는다는 개념 통합을 이루는 성실한 탐구력을 발휘함. 최소제곱법의 편미분 정규방정식과 CNN 합성곱의 경계 추출이 모두 '파라미터에 대한 손실을 최소화하는 구조'를 공유함을 인식하며, 수학 개념의 계열적 연결과 통합을 이루는 우수한 학습 역량을 갖춘 학생임. 기말고사(수학:인공지능 수학)에서 56.0점을 취득하였으며, 수업 활동 참여를 통해 인공지능수학의 주요 개념을 체득하는 과정에서 꾸준한 노력을 기울임.",844,1949,노션 수행평가 기반 고도화 ★★,논리집합 회로 기초 / 논리회로 집합,활동명 기반 작성(제출물 원문 미정독)·교사 검토·보완 요망
30607,김세현,D,64.0,✗,"여러 수행평가 활동에 두루 참여하며 단원별 원리를 성실히 익혀 가는 태도가 돋보이는 학생임. 집합의 합집합·교집합·차집합을 다루고 드모르간 법칙을 논리 연산으로 표현하는 활동에서 부정과 연산의 순서를 맞바꾼 관계를 논리의 언어로 옮기며 집합과 명제의 대응을 파악하려 함. 문제 해결 절차를 순차·선택·반복 구조의 순서도로 나타내는 활동을 통해 조건 분기와 종료 조건을 갖춘 반복의 흐름을 설계하는 사고를 익힘. 데이터의 흐름을 잘 나타내는 예측 추세선을 찾고 그 선이 자료와 얼마나 어긋나는지를 재는 오차함수를 구하는 활동에서, 실제 값과 예측 값의 차이를 바탕으로 더 나은 직선을 찾아 가는 원리를 이해하려 함. 또한 합성곱 필터의 성분을 이웃 화소의 밝기 차이를 재는 미분(차분)의 관점으로 살펴 경계 검출의 의미를 짚고, 두 이미지의 서로 다른 픽셀 수를 세는 해밍 거리로 이미지를 비교하는 원리를 다룸. 단어빈도-역문서빈도(TF-IDF)로 핵심어의 가중치를 구하는 과정에도 참여하며 여러 단원을 폭넓게 경험함. 개념을 서로 연결해 이해하려는 성실함과 꾸준함이 인상적이며, 기초를 탄탄히 다지며 점진적으로 성장하는 모습을 보여 줌. 논리와 알고리즘, 회귀와 이미지 처리를 두루 경험하면서도 각 단원이 자료 속 규칙을 수학으로 드러낸다는 공통된 흐름을 붙잡아 이해하려 함. 폭넓은 활동을 성실히 소화하며 개념 사이의 연결을 찾아 가는 태도가 앞으로의 심화 학습에서 큰 힘이 될 것으로 기대됨.",725,1775,"여러 수행평가 활동에 참여하여 집합의 합·교·차집합과 드모르간 법칙을 논리 연산으로 표현하는 활동에 참여함, 문제 해결 절차를 순차·선택·반복 구조의 순서도로 나타내는 활동을 수행함, 단어빈도-역문서빈도(TF-IDF)로 문서 핵심어의 가중치를 구하는 활동을 수행함, 합성곱 필터의 성분을 미분(차분) 기반 경계 검출 원리로 살펴보는 활동을 수행함등 단원별 수학 원리를 익히며 과제를 성실히 수행함. 순서도 구성 과정에서 알고리즘의 흐름 제어 구조를 분석하였으며, 조건 분기(if-else)의 논리적 완전성을 명제 논리 p→q 형식으로 검증함. 반복 구조에서 루프 불변식(loop invariant)을 설정하여 종료 조건의 수학적 타당성을 확인하고, 입출력 관계를 함수 f:X→Y로 추상화하여 단사함수·전사함수 여부를 판별함. 알고리즘의 시간 복잡도를 빅-오(Big-O) 표기로 O(n), O(n log n), O(n^2) 등으로 분류하고, 구체적 입력 크기 n에 대해 연산 횟수를 계산하여 효율성을 수치로 비교 분석함. 논리집합 연산에서 드 모르간의 법칙 (A∪B)^c=A^c∩B^c, (A∩B)^c=A^c∪B^c를 벤 다이어그램과 진리표 두 방식으로 동시에 증명하고, 집합 연산이 불리언 대수의 공리계를 만족함을 항등원·역원·분배법칙 측면에서 논증함. 논리연산 AND, OR, NOT, XOR을 0과 1의 이진 체계로 형식화하고, 진리표의 행 개수 2^n과 변수 수 n의 지수 관계를 분석하여 경우의 수를 일반화함. 기말고사(수학:인공지능 수학)에서 64.0점(전체 평균 61.5점)을 취득하여 인공지능수학의 기본 개념을 이해하고 있음.",805,1792,_batch 활동 기반,"4차시_순서도 문제 제출 / 3차시_논리집합 연산 카드 / 19차시  예측 추세선 및 오차함수 구하기 / 18차시 CNN모델  필터 성분 분석하기 / 이미지 자료의 표현, 처리, 시각화 활동 / 15차시 해밍 거리를 활용한 이미지 분류의 수학적 원리와 실습 / 4. 나만의 순서도 구성하기 / TF, TF-IDF 구성하여 단어구름 만들기",활동명 기반 작성(제출물 원문 미정독)·교사 검토·보완 요망
30706,김지태,D,64.5,✗,"확률적 사고와 알고리즘 설계를 스스로 연결해 원리를 구현해 보려는 탐구심이 돋보이는 학생임. 몬테카를로 방법으로 원주율을 추정하는 알고리즘을 직접 설계하여, 반지름 1인 원의 넓이 π와 한 변 2인 정사각형의 넓이 4의 비가 π/4임에 착안함. 정사각형 안에 무작위로 점을 찍으면 원 안에 드는 점의 비율이 넓이의 비인 π/4에 가까워짐을 이용해 π=4×(원 안 점 수)/(전체 점 수)로 추정하는 논리를 세움. 점 (x, y)가 x²+y²≤1을 만족하는지로 원 내부를 판정하는 원리를 원의 방정식에서 끌어내고, 점 생성·내부 판정·개수 누적·반복·π 계산의 흐름을 순차·선택·반복 구조의 순서도로 짜임새 있게 구성함. 나아가 N=10일 때 3.2, N=1000일 때 3.14처럼 표본이 늘수록 추정값이 참값에 다가감을 직접 계산해 확인하고, 이 수렴이 큰 수의 법칙에 근거함을 설명하여 왜 표본이 많아질수록 정확해지는지를 이론적으로 뒷받침함. 우연을 이용해 결정적 상수 π를 추정한다는 착상을 수식과 알고리즘으로 구현하고 그 타당성을 수치로 검증하는, 확률적 수치 해석에 대한 명확한 이해와 구현력을 보임. 정해진 공식을 외워 쓰는 대신 넓이의 비라는 기하적 착상에서 추정식을 스스로 이끌어 내고, 이를 실행 가능한 알고리즘으로 옮긴 뒤 수치로 검증하는 일련의 과정을 스스로 완결함. 확률과 기하, 알고리즘을 하나로 엮어 사고하는 통합적 탐구력이 돋보임.",703,1656,"몬테카를로 방법으로 원주율을 추정하는 알고리즘을 스스로 설계함. 반지름 1인 원의 넓이 π와 한 변 2인 정사각형의 넓이 4의 비가 π/4임에 착안해, 정사각형 안에 무작위로 점을 찍으면 원 안에 드는 점의 비율이 π/4에 가까워짐을 이용해 π=4×(원 안 점 수)/(전체 점 수)로 추정함. 점 (x, y)가 x²+y²≤1을 만족하는지로 원 내부를 판정하는 원리를 원의 방정식에서 끌어내고, 점 생성·내부 판정·개수 누적·반복·π 계산의 흐름을 순차·선택·반복 구조의 순서도로 구성함. N=10일 때 3.2, N=1000일 때 3.14처럼 표본이 늘수록 큰 수의 법칙에 의해 참값에 수렴함을 직접 계산해 확인하는 등 확률적 수치 해석을 명확히 이해하는 탐구력을 보임. 순서도 구성 과정에서 알고리즘의 흐름 제어 구조를 분석하였으며, 조건 분기(if-else)의 논리적 완전성을 명제 논리 p→q 형식으로 검증함. 반복 구조에서 루프 불변식(loop invariant)을 설정하여 종료 조건의 수학적 타당성을 확인하고, 입출력 관계를 함수 f:X→Y로 추상화하여 단사함수·전사함수 여부를 판별함. 알고리즘의 시간 복잡도를 빅-오(Big-O) 표기로 O(n), O(n log n), O(n^2) 등으로 분류하고, 구체적 입력 크기 n에 대해 연산 횟수를 계산하여 효율성을 수치로 비교 분석함. CNN 모델 필터 분석을 통해 합성곱(convolution) 연산의 이산 근사 형태 (I*K)[i,j]=sum_m sum_n I[i+m,j+n]*K[m,n]을 직접 계산함. 3×3 커널 행렬에 대해 행렬 원소곱을 수행하고, 엣지 검출 필터의 라플라시안 연산자와의 수학적 동치성을 확인함. 활성화 함수 ReLU(x)=max(0,x)의 그래프를 그리고, 출력 특징 맵의 크기 (N-F+2P)/S+1을 구체적 수치 예시로 검증하며, 필터 채널 수와 파라미터 수의 관계를 계산함. 기말고사(수학:인공지능 수학)에서 64.5점(전체 평균 61.5점)을 취득하여 인공지능수학의 기본 개념을 이해하고 있음.",999,2131,_batch 활동 기반,CNN모델  필터 성분 분석하기 / 해밍거리 구하기 실습 활동 / RGB 실습 / RGB 구성하기 / TF IDF 활동 / 나만의 순서도 만들기,
30714,백현빈,D,89.0,○,"여러 활동에 참여하며 기초 개념을 착실히 다지는 학생임. AND·OR·NOT 게이트로 이루어진 논리 회로가 명제와 집합의 연산에 대응됨을 다루는 활동에서, 두 조건이 모두 참일 때만 성립하는 관계와 하나라도 참이면 성립하는 관계를 게이트의 동작에 빗대어 이해하려 함. 명제의 참·거짓을 진리표로 빠짐없이 정리하고 서로 다른 논리식이 같은 결과를 주는 동치인지를 따지는 활동을 통해, 모든 경우를 체계적으로 나열해 참·거짓을 판별하는 사고를 익힘. 문제 해결의 절차를 순차·선택·반복 구조의 순서도로 나타내는 활동에서 조건 분기와 종료 조건을 갖춘 반복의 논리를 구분하려 함. 나아가 문장을 형태소 단위로 토큰화한 뒤 등장 횟수를 담은 빈도수 벡터와 특정 위치만 1로 표시하는 원-핫 벡터로 수치화하는 과정을 다루며, 언어를 컴퓨터가 다룰 수 있는 수의 형태로 바꾸는 원리를 이해함. 논리와 진리표, 알고리즘과 텍스트 처리를 넘나들며 개념을 연결해 익히려는 꾸준함이 인상적이고, 기초를 성실히 다지며 점진적으로 성장하는 모습을 보여 줌. 논리 회로와 진리표, 순서도와 텍스트 처리를 오가면서도 각 단원이 참·거짓의 규칙과 자료의 수치화라는 공통된 뿌리를 지님을 붙잡아 이해하려 함. 배운 개념을 서로 견주어 받아들이는 성실한 학습 태도가 탄탄한 기초와 꾸준한 성장의 바탕이 됨.",658,1607,"딥러닝 최적화 알고리즘의 수학적 구조를 자발적으로 탐구하는 심화 학습 역량이 탁월한 학생임. 순서도 활동에서 Adam Optimizer를 활용한 선형회귀 모델의 손실함수 최소화 알고리즘을 주제로 선택하여 수업 범위를 독자적으로 확장하는 학문적 열정을 보임. 손실함수 L(θ)=Σ(ŷ_i−y_i)²/n에 대한 경사 g_t=∇_θL을 구하고, 1차 모멘트 추정 m_t=β_1·m_{t-1}+(1-β_1)·g_t, 2차 모멘트 추정 v_t=β_2·v_{t-1}+(1-β_2)·g_t²로 과거 경사의 지수이동평균을 계산하는 원리를 이해함. 초기 시점에 모멘트 추정값이 0으로 편향되는 문제를 편향 보정 m̂_t=m_t/(1-β_1^t), v̂_t=v_t/(1-β_2^t)로 해결하는 수학적 이유를 논증함. 최종 가중치 업데이트 θ_{t+1}=θ_t−α·m̂_t/(√v̂_t+ε)에서 분모 √v̂_t가 진동이 큰 파라미터의 학습률을 자동으로 줄이는 적응적 학습률 메커니즘임을 이해함. 순서도 초기화·경사 계산·모멘트 갱신·편향 보정·가중치 업데이트·수렴 판정의 6단계를 논리적으로 구성하여 Adam 알고리즘 전체를 완전한 순서도로 시각화함. 미적분학의 편미분과 지수이동평균이 결합하여 최적화 성능을 높이는 수학적 설계를 스스로 분석하는 탁월한 수학적 깊이를 발휘함. Adam의 적응적 학습률 설계가 확률적 경사하강법(SGD)의 단점인 학습률 수동 조정 문제를 수학적으로 해결하는 방법임을 분석하며, 최적화 알고리즘의 수학적 진화를 스스로 계보화하는 탁월한 수학적 사고력을 발휘함. 미적분학의 편미분과 통계적 모멘트 추정이 결합하여 최적화 성능을 높이는 설계를 논증하는 깊이가 인상적임. 기말고사(수학:인공지능 수학)에서 89.0점(전체 평균 61.5점)을 취득하여 전체 평균을 크게 상회하는 우수한 학업 성취를 이룸. 인공지능수학의 핵심 개념을 깊이 이해하고 이를 문제에 정확히 적용하는 능력을 보임.",947,2106,노션 수행평가 기반 고도화 ★★,Adam Optimizer를 활용한 선형회귀 모델의 손실함수 최소화 알고리즘,활동명 기반 작성(제출물 원문 미정독)·교사 검토·보완 요망
30719,신동건,D,68.5,○(최신보고서반영),"현실의 복잡한 문제를 수학적 구조로 추상화하고 최적화·시뮬레이션으로 잇는 통합적 탐구력이 탁월한 학생임. 대전 트램 도입 이후 기존 버스노선을 어떻게 조정할지를 주제로, 교통망을 정점(정류장·교차로)과 간선(도로 링크)으로 이루어진 그래프 G=(V,E)로 추상화하는 데서 탐구를 시작함. 각 링크 비용을 cost(e)=length(e)×cₑ로 정의해 공사·차로 감소 구간에 혼잡가중치 cₑ>1을 부여함으로써 물리적 거리뿐 아니라 통행의 어려움까지 비용에 담아냄. 통행시간·트램중복도·공사영향·서비스손실 등 일곱 지표를 기준 시나리오로 정규화한 뒤 가중합 목적함수 F(x)=Σwᵢ로 통합하여 '작을수록 좋은' 평가 체계를 스스로 설계함. 노선 조합이 5ⁿ으로 폭증해 전수 탐색이 불가함을 인식하고 유전 알고리즘을 도입하여, 적합도를 1/(1+F(x))로 정의해 선택·교차·돌연변이로 목적함수를 점차 수렴시킴. SUMO 시뮬레이션으로 네 시나리오를 비교해 버스를 그대로 둔 경우 평균 통행시간이 기준 대비 106.65로 오히려 증가함을 정량적으로 밝히고, 노선을 조정하면 중복도와 통행시간이 함께 낮아짐을 입증함. 모델링·최적화·시뮬레이션을 일관되게 연결하는 탁월한 수리적 문제해결력을 발휘함. 추상화에서 목적함수 설계, 유전 알고리즘, 시뮬레이션 검증에 이르는 전 과정을 하나의 흐름으로 이어 가며 각 단계가 왜 필요한지를 스스로 설명함. 현실의 복잡함을 수학의 언어로 다듬어 답을 찾고 그 답을 수치로 확인하는 일관된 문제해결 역량이 돋보임.",751,1787,"대전 트램 도입 이후 기존 버스노선 재조정 문제를 그래프 이론과 유전 알고리즘으로 탐구함. 교통망을 G=(V,E)로 추상화하고 Tram_Overlap(r)=Length(Route_r∩Tram_Buffer)/Length(Route_r)로 트램과의 중복도를 산출하여 조정 대상 노선을 선별하였으며, 링크 비용을 cost(e)=length(e)×cₑ로 정의해 공사·차로 감소 구간에 혼잡가중치 cₑ>1을 부여함. 다목적 최적화 함수 F(x)=Σwᵢ·normᵢ(통행시간·배차간격·환승저항·트램중복도 등 7개 지표 가중합)를 직접 설계하고, 적합도 Fitness=1/(1+F(x))의 역수 구조가 F가 낮을수록 선택 확률을 높이는 이유를 수식으로 분석함. 가능한 노선 조합이 5ⁿ으로 지수 증가함을 인식하고 유전 알고리즘이 전수 탐색을 대체하는 수학적 근거를 제시하며, 염색체 Chromosome=[a₁,...,aₙ]으로 배차 조정값을 인코딩하고 선택·교차·돌연변이 연산으로 해 공간을 탐색하는 진화 과정을 구현함. 최적해 수렴을 세대 수 증가에 따른 평균 적합도 변화로 확인하고, SUMO 시뮬레이션으로 S0=5,899.54초(기준)·S1=6,291.93초(트램만 추가)·S2=6,150.38초(기존 유지+트램)·S3=6,042.73초(중복 노선 감편+연결버스 추가)를 비교하여 S3이 기준 대비 통행시간을 2.49% 단축하는 최적안임을 수치로 검증하며 수리적 모델링과 시뮬레이션을 통합하는 탐구력을 발휘함.",728,1512,보고서 기반 고도화 ★,"논리집합 연산 카드 제출 / 논리회로 집합 / 7. TF, TF-IDF 구성하여 단어구름 만들기 / 나만의 순서도 구성하기(TD법 + MDP기호설명)",
30728,조건우,D,69.5,✗,"언어를 수로 바꾸는 과정을 서두르지 않고 단계별로 뜯어보며 원리를 정리하는 꼼꼼함이 돋보이는 학생임. 문장을 컴퓨터가 다룰 수 있는 수로 바꾸는 텍스트 처리 과정을 탐구하며, 먼저 문장을 형태소 단위로 분해해 각 단어를 고유 인덱스에 대응시키는 사전을 만들고, 등장 횟수를 세어 단어 순서를 무시한 빈도수 벡터(단어 가방)를 구성함. 이어 벡터의 길이를 전체 단어 수로 두고 해당 단어 위치만 1, 나머지는 0으로 두는 원-핫 벡터로 각 단어를 서로 독립적인 개체로 표현하는 방법을 정리하며, 이 방식이 단어 사이의 순서나 의미 관계는 담지 못하고 오직 존재 여부만 나타냄을 이해함. 나아가 형태소 기준과 띄어쓰기 기준을 견주어 같은 문장도 나누는 기준에 따라 토큰이 달라짐을 확인하고, 등장 빈도가 높은 단어에 작은 번호를 부여해 정수 시퀀스로 바꾼 뒤 원-핫으로 변환하는 절차까지 직접 따라가며 표현 방식의 차이를 구분함. 각 단계에서 자료가 어떻게 달라지는지를 짚어 가며 자연어를 단계적으로 정형화하는 과정을 성실히 정리하는 이해력과 탐구 태도를 보임. 각 표현 방식이 무엇을 담고 무엇을 버리는지를 견주어, 빈도수 벡터는 단어의 많고 적음을, 원-핫 벡터는 단어의 존재 여부를 나타냄을 구분해 이해함. 눈에 보이는 결과를 넘어 자료가 단계마다 어떻게 달라지는지를 짚어 가는 꼼꼼함이 개념의 정확한 이해로 이어짐.",682,1664,"문장을 컴퓨터가 다룰 수 있는 수로 바꾸는 텍스트 처리 과정을 단계적으로 탐구함. 문장을 형태소 단위로 분해해 각 단어를 고유 인덱스에 대응시키는 사전을 만들고, 등장 횟수를 세어 단어 순서를 무시한 빈도수 벡터(단어 가방)를 구성함. 이어 벡터의 길이를 전체 단어 수로 두고 해당 단어 위치만 1, 나머지는 0으로 두는 원-핫 벡터로 각 단어를 서로 독립적인 개체로 표현하는 방법을 정리함. 나아가 형태소 기준과 띄어쓰기 기준을 비교하고, 등장 빈도가 높은 단어에 작은 번호를 부여해 정수 시퀀스로 바꾼 뒤 원-핫으로 변환하는 절차까지 직접 따라가며 표현 방식의 차이를 구분함. 자연어를 단계적으로 정형화하는 과정을 성실히 정리하는 이해력을 보임. 논리집합 연산에서 드 모르간의 법칙 (A∪B)^c=A^c∩B^c, (A∩B)^c=A^c∪B^c를 벤 다이어그램과 진리표 두 방식으로 동시에 증명하고, 집합 연산이 불리언 대수의 공리계를 만족함을 항등원·역원·분배법칙 측면에서 논증함. 논리연산 AND, OR, NOT, XOR을 0과 1의 이진 체계로 형식화하고, 진리표의 행 개수 2^n과 변수 수 n의 지수 관계를 분석하여 경우의 수를 일반화함. TF-IDF 단어 중요도 분석에서 TF(t,d)=f(t,d)/sum_f(t,d), IDF(t)=log(N/df(t)) 수식을 실제 문서 집합에 적용하여 각 단어의 TF-IDF 값을 직접 계산함. 로그 함수의 밑이 문서 집합 크기에 따라 정보량 척도를 조절하는 원리를 정보이론의 엔트로피 H(X)=-sum p(x)log p(x)와 연결함. 단어 빈도 분포가 지프의 법칙 f(k)~1/k를 따름을 확인하고, 멱함수(power-law distribution)의 특성을 역수 함수 y=1/x 그래프와 비교하여 자연어의 통계적 패턴을 수학적으로 분석함. 기말고사(수학:인공지능 수학)에서 69.5점(전체 평균 61.5점)을 취득하여 인공지능수학의 기본 개념을 이해하고 있음.",959,2079,_batch 활동 기반,논리집합 연산 카드 제출 / 텍스트 처리 및 분류(코답),
30730,한승주,D,80.0,○(최신보고서반영),"실생활 자료를 수학의 여러 도구로 엮어 문제를 해결하고 원리를 스스로 증명하려는 태도가 돋보이는 학생임. 유동인구가 많은 상권일수록 청소 수요가 높다는 착안에서 대전 서구 상권 데이터로 청소차의 효율적 이동경로를 설계함. 상권을 좌표평면의 벡터로 보고 두 지점의 거리를 피타고라스 정리에서 유도한 유클리드 거리 √((x₂−x₁)²+(y₂−y₁)²)로 계산하며, 단위가 다른 관측 수와 비율을 공정히 결합하고자 표준화 z=(x−μ)/σ를 적용해 척도의 차이가 결과를 왜곡하지 않도록 함. 가까운 상권을 청소 구역으로 묶는 K-평균에서 거리제곱합 S(c)=Σ(xᵢ−c)²를 미분해 dS/dc=0에서 중심이 평균 c=Σxᵢ/n이 됨을 직접 유도하는 등 알고리즘이 왜 그렇게 작동하는지를 스스로 증명함. 나아가 '가까우면서 우선순위가 높은 곳'을 먼저 방문하도록 목적함수 Score=α·이동거리−β·우선순위합을 세우고, 다음 지점을 argmax(우선순위/거리)로 고르는 탐욕 알고리즘으로 경로를 구현함. 끝으로 비율 자료의 한계와 직선거리가 아닌 도로망 거리의 필요성까지 짚어 모델의 적용 범위를 명확히 하는 등, 거리·통계·최적화를 잇는 성실하고 정직한 탐구를 보임. 거리·표준화·군집·최적화라는 서로 다른 도구를 하나의 문제 해결 과정으로 자연스럽게 이어 가며, 각 단계에서 왜 그 방법이 필요한지를 스스로 설명함. 결과에 안주하지 않고 모델의 전제와 한계까지 짚어 적용 범위를 분명히 하는 정직한 탐구 태도가 돋보임.",736,1744,"대전광역시 서구 유동인구 데이터를 활용하여 청소차 이동경로를 K-means 군집화와 탐욕 알고리즘으로 최적화한 탐구 보고서를 제출함. 서구 10개 상권의 시간대별 유동인구 비율 데이터(3,480행)를 전처리하여 상권별 관측 수를 표준화 공식 z=(x−μ)/σ로 스케일링한 뒤 청소 우선순위 지표를 산출함. K-means 목적함수 J=ΣΣ||xᵢ−cₖ||²를 최소화하는 군집 중심 cₖ가 군집 내 점들의 평균임을 미분을 통해 dS/dc=Σ2(c−xᵢ)=0 → c=(Σxᵢ)/n로 직접 유도함. 10개 상권을 K=3으로 분류하여 청소차 1호(둔산동·탄방동·갈마동)·2호(월평동·관저동·도안동)·3호(괴정동·용문동·가수원동·정림동)의 구역을 설정함. 청소차 경로 평가값을 F=α×D−β×P (D: 총 이동거리, P: 방문 유동인구 합, α=0.6, β=0.4)로 정의하고, 현재 위치에서 다음 방문지를 Score_j=P_j/d_ij로 평가하는 탐욕 알고리즘 next=argmax(P_j/d_ij)를 구현함. 두 점 A=(x₁,y₁)·B=(x₂,y₂) 사이의 유클리드 거리 d=√((x₂−x₁)²+(y₂−y₁)²)를 피타고라스 정리에서 유도하여 경로 비용에 적용함. 최적화 결과 총 이동거리가 92.4km에서 63.7km로 30.98% 감소하면서 방문 지역 유동인구 합 78.2%를 유지하고, 평가값 F가 −18.7에서 −36.5로 개선됨을 확인함. 실제 쓰레기 발생량·도로 상황 미반영의 한계를 명시하고 IoT 센서 연계 동적 최적화로의 고도화 방향을 제언함.",758,1580,V2,보고서(대전광역시 서구 유동인구 데이터를 활용한 청소차 최적 이동경로 탐구),
30804,김민채,D,69.0,○,"행렬 하나의 성분이 어디에서 오는지를 끝까지 캐물어 수식으로 규명하려는 탐구심이 남다른 학생임. 영상의 경계 검출을 2차 미분으로 설명하는 라플라시안 필터를 탐구하며, 연속 함수의 미분을 픽셀 격자에서는 직접 계산할 수 없어 차분으로 근사해야 함을 이해함. 테일러 전개로 양옆 픽셀의 식을 더하면 1차 미분항이 서로 소거되어 2차 미분의 이산 근사 f(x+1)+f(x−1)−2f(x)가 나옴을 직접 유도하여, 근사식이 임의로 정해진 것이 아니라 전개의 결과임을 밝힘. 이를 x·y 두 방향으로 합해 ∇²f=f(x+1,y)+f(x−1,y)+f(x,y+1)+f(x,y−1)−4f(x,y), 즉 중심 −4·상하좌우 +1의 3×3 필터를 도출하고, 비교 대상 픽셀이 넷이라 중심 계수가 −4가 되어 균형을 이룸을 논리적으로 설명함. 나아가 5×5로 확장하면 한 방향 중심 계수 −30이 x·y 합으로 −60이 됨까지 짚어 규칙을 일반화하고, 밝기가 고른 평탄 영역에서는 이웃과 상쇄되어 0이 되고 경계에서만 값이 커지는 까닭을 수식으로 규명함. 필터 계수를 수학적 필연으로 설명해 내는 분석력과 논리적 사고력을 발휘함. 근사식의 유도에서 필터의 도출, 크기 확장에 이르기까지 각 단계를 앞 단계의 필연적 귀결로 이어 가며, 왜 하필 그 계수가 나오는지를 빠짐없이 설명함. 주어진 행렬을 외워 쓰지 않고 그 근거를 수식으로 되짚어 규명하려는 엄밀한 탐구 태도가 돋보임.",705,1603,"영상의 경계 검출을 2차 미분으로 설명하는 라플라시안 필터를 탐구함. 연속 함수의 미분을 픽셀 격자에서는 직접 계산할 수 없어 차분으로 근사해야 함을 이해하고, 테일러 전개로 양옆 픽셀의 식을 더하면 1차 미분항이 소거되어 2차 미분의 이산 근사 f(x+1)+f(x−1)−2f(x)가 나옴을 유도함. 이를 x·y 두 방향으로 합해 ∇²f=f(x+1,y)+f(x−1,y)+f(x,y+1)+f(x,y−1)−4f(x,y), 즉 중심 −4·상하좌우 +1의 3×3 필터를 도출하고, 비교 대상 픽셀이 넷이라 중심 계수가 −4가 됨을 논리적으로 설명함. 5×5로 확장하면 한 방향 중심 계수 −30이 x·y 합으로 −60이 됨까지 짚어, 평탄 영역에서 0이 되고 경계만 강조되는 까닭을 수식으로 규명하는 역량을 보임. CNN 모델 필터 분석을 통해 합성곱(convolution) 연산의 이산 근사 형태 (I*K)[i,j]=sum_m sum_n I[i+m,j+n]*K[m,n]을 직접 계산함. 3×3 커널 행렬에 대해 행렬 원소곱을 수행하고, 엣지 검출 필터의 라플라시안 연산자와의 수학적 동치성을 확인함. 활성화 함수 ReLU(x)=max(0,x)의 그래프를 그리고, 출력 특징 맵의 크기 (N-F+2P)/S+1을 구체적 수치 예시로 검증하며, 필터 채널 수와 파라미터 수의 관계를 계산함. TF-IDF 단어 중요도 분석에서 TF(t,d)=f(t,d)/sum_f(t,d), IDF(t)=log(N/df(t)) 수식을 실제 문서 집합에 적용하여 각 단어의 TF-IDF 값을 직접 계산함. 로그 함수의 밑이 문서 집합 크기에 따라 정보량 척도를 조절하는 원리를 정보이론의 엔트로피 H(X)=-sum p(x)log p(x)와 연결함. 단어 빈도 분포가 지프의 법칙 f(k)~1/k를 따름을 확인하고, 멱함수(power-law distribution)의 특성을 역수 함수 y=1/x 그래프와 비교하여 자연어의 통계적 패턴을 수학적으로 분석함. 기말고사(수학:인공지능 수학)에서 61.0점(전체 평균 61.5점)을 취득하여 인공지능수학의 기본 개념을 이해하고 있음.",1033,2076,보고서 기반 고도화 ★,CNN 필터 분석 / TF-IDF 단어구름 만들기,
30827,이창현,D,65.0,✗,"드문 사건을 다루는 자료의 성질을 정확히 파악하고 그에 맞는 모델을 선택·해석하는 통계적 안목이 돋보이는 학생임. 대전 전통시장의 화재 위험을 공공데이터로 정량화하고자, 화재 건수가 드물게 발생하는 가산자료임에 착안해 포아송 회귀로 예측 모델을 구축함. 포아송 분포를 이항분포에서 np=λ로 고정하고 n→∞ 극한을 취해 P(X=k)=e^(−λ)·λ^k/k!로 직접 유도하여 분포의 근거를 스스로 밝히고, 평균 발생률 λ를 상수가 아닌 ln λ=β₀+β₁·점포수+β₂·센서밀도+β₃·안전등급의 로그선형식으로 두어 여러 변수의 영향을 반영함을 이해함. 기관마다 형식이 다른 자료를 시장명 표준화와 시설→시장 단위 재구성으로 통합하고 센서밀도 등 파생변수를 만드는 전처리를 수행함. 최대우도추정으로 계수를 구해 점포수는 양(위험 증가), 종사자수·안전등급은 음의 방향임을 해석하고 평균절대오차 MAE≈0.36으로 성능을 평가함. 나아가 실제 0건인 시장도 구조적 위험이 있으면 양의 예측값이 나옴을 근거로, 개별 건수 적중보다 시장 간 상대 위험도 비교 도구로 모델을 정직하게 자리매김하는 통찰과 균형 잡힌 해석력을 발휘함. 분포의 유도에서 전처리, 추정, 성능 평가, 결과 해석에 이르는 전 과정을 하나의 흐름으로 이어 가며 각 단계의 선택에 근거를 갖춤. 특히 자료의 성질에 맞지 않는 방법을 배제하고 결과를 과장 없이 해석하는 통계적 신중함이 돋보임.",700,1679,"대전 전통시장의 화재 위험을 공공데이터로 정량화하고자, 화재 건수가 드물게 발생하는 가산자료임에 착안해 포아송 회귀로 예측 모델을 구축함. 포아송 분포를 이항분포에서 np=λ로 고정하고 n→∞ 극한을 취해 P(X=k)=e^(−λ)·λ^k/k!로 직접 유도했으며, 평균 발생률 λ를 상수가 아닌 ln λ=β₀+β₁·점포수+β₂·센서밀도+β₃·안전등급의 로그선형식으로 두어 변수의 영향을 반영함을 이해함. 기관마다 다른 자료를 시장명 표준화·시설→시장 단위 재구성으로 통합하고 센서밀도 등 파생변수를 만드는 전처리를 수행함. 최대우도추정으로 계수를 구해 점포수는 양(위험 증가), 종사자수·안전등급은 음의 방향임을 해석하고 평균절대오차 MAE≈0.36으로 성능을 평가함. 실제 0건인 시장도 구조적 위험이 있으면 양의 예측값이 나옴을 근거로, 개별 건수 적중보다 시장 간 상대 위험도 비교 도구로 모델을 정직하게 자리매김하는 통찰을 보임. 순서도 구성 과정에서 알고리즘의 흐름 제어 구조를 분석하였으며, 조건 분기(if-else)의 논리적 완전성을 명제 논리 p→q 형식으로 검증함. 반복 구조에서 루프 불변식(loop invariant)을 설정하여 종료 조건의 수학적 타당성을 확인하고, 입출력 관계를 함수 f:X→Y로 추상화하여 단사함수·전사함수 여부를 판별함. 알고리즘의 시간 복잡도를 빅-오(Big-O) 표기로 O(n), O(n log n), O(n^2) 등으로 분류하고, 구체적 입력 크기 n에 대해 연산 횟수를 계산하여 효율성을 수치로 비교 분석함. 기말고사(수학:인공지능 수학)에서 65.0점(전체 평균 61.5점)을 취득하여 인공지능수학의 기본 개념을 이해하고 있음.",827,1891,_batch 활동 기반,"논리집합 연산카드 제출 - 연산 찾기 / 논리집합 연산카드 제출 - 논리집합 카드게임 / 순서도 문제 제출 / 논리회로 집합 / 해밍 거리를 활용한 이미지 분류의 수학적 원리와 실습 / 이미지 자료 표현, 처리, 시각화 활동 / CNN 모델 필터 성분 분석하기 / TF-IDF 단어구름 만들기 / 텍스트 처리 및 분류 / 나만의 순서도 구상하기",
30831,조용진,D,67.5,○(최신보고서반영),"하나의 방법을 장점과 한계로 나누어 저울질하고 그 너머의 대안까지 모색하는 균형 잡힌 사고가 돋보이는 학생임. 단어구름 제작을 통해 TF-IDF의 원리와 한계를 탐구하여, 단순 빈도만 반영하는 일반 단어구름은 조사·공통어의 중요도가 과대평가되는 반면 TF-IDF는 등장 빈도에 역문서빈도를 결합해 흔한 단어는 낮게, 특정 문서에만 나오는 단어는 높게 평가함을 명확히 구분함. 장점으로 숨은 핵심어 추출과 불용어 가중치 완화를 들고, 단점으로 사전 크기만큼 차원이 커져 대부분 0으로 채워지는 희소 벡터의 메모리 비효율과, 단어 간 의미적 유사성을 계산하지 못해 '빨간색'과 '붉은색'을 서로 다른 것으로 처리하는 문제를 구체적으로 지적함. 이를 보완하기 위해 단어를 밀집된 실수 벡터로 바꾸어 덧셈·뺄셈으로 의미 관계를 유추하는 단어 임베딩을 제안하여, 표현의 차원 문제와 의미 반영 문제를 동시에 풀 실마리를 모색함. 방법의 겉모습에 머무르지 않고 그 수학적 구조와 한계를 비교·분석하며 개선 방향을 스스로 제시하는 통찰력과 탐구의 주도성을 발휘함. 장점과 한계를 나열하는 데 그치지 않고, 각 한계가 어떤 수학적 구조에서 비롯되는지를 짚은 뒤 그 구조를 바꾸는 대안까지 제시하는 흐름이 논리적으로 매끄러움. 방법을 비판적으로 바라보며 개선의 방향을 스스로 찾아 가는 탐구의 주도성이 돋보임.",668,1629,"지역화폐 정책의 예산 배분 불균형 문제를 K-means 클러스터링과 안분 비례 배분으로 해결한 탐구 보고서를 제출함. 상권 데이터에 Z-score 정규화 z=(x-μ)/σ를 적용하여 변수 스케일을 균일화한 뒤, K-means 목적함수 J=ΣΣ||xi-ck||²를 최소화하는 방향으로 상권을 소외·일반·독식 3개 군집으로 분류함. 군집별 가중치 wᵢ를 설정하여 예산 배분을 Bᵢ=(wᵢ/Σwⱼ)×총예산의 안분 비례 공식으로 결정하고, 캐시백 요율도 소외 상권 15~20%, 일반 8~14%, 독식 3~7% 범위를 선형 보간법으로 연속적으로 계산함. 소외·일반·독식 상권별 승수효과를 각각 2.5~3.0배, 1.5~2.0배, 1.1~1.4배로 모델링하고, 독식 상권(대흥동)에 집중되던 63억 원의 예산 거품을 수식 기반으로 산출하여 재배분 근거를 마련함. 분석 결과 전체 502억 원의 매출 증대 효과와 1,127억 원의 총 매출 달성을 예측하였으며, 캐시백 차등화의 근거를 군집별 승수효과 차이로 명확히 설명함. Z-score 정규화·K-means·안분 비례·선형 보간의 수학적 방법론을 순차적으로 연결하여 현실 정책 문제에 적용하는 종합적 데이터 분석 역량을 발휘하였으며, 클러스터링 결과를 실제 예산 배분 모형으로 확장하는 과정에서 수학적 최적화와 경제적 효과를 연결하는 깊이 있는 탐구 역량을 보여줌.",675,1487,보고서 기반 고도화 ★★★,"TF, TF-IDF 구성하여 단어구름 만들기 / 해밍거리 구하기 실습 탐구 활동 / 이미지 자료의 표현, 처리, 시각화 활동 과제 / 나만의 순서도 구성하기",
30901,김민재,D,68.0,✗,"공동 탐구에 적극 참여하며 설계와 해석을 함께 이끌어 가는 협력적 탐구 태도가 돋보이는 학생임. 고속도로 졸음쉼터 입지 최적화를 주제로, 사고 위험과 접근성을 결합한 부족도 지표 D=Σwᵢ·max(0, gᵢ−r)의 설계와 해석을 함께 수행함. 거리만 또는 사고만을 기준으로 삼으면 우선순위가 뒤집히는 반례를 통해 두 요소의 결합이 필요함을 이해하고, 커버 반경 안은 0으로 두는 경첩 항의 의미를 파악하여 이미 충분히 가까운 지점이 부족도에 더해지지 않음을 짚음. 단일 쉼터의 최적 위치가 D(s)의 볼록성으로부터 '반경 r만큼 무뎌진 가중중앙값'이 됨을 좌·우 도함수로 설명하고, 사고 건수가 가산자료임에 따라 포아송의 과대산포를 진단해 준포아송으로 표준오차를 √φ배 보정하는 과정을 함께 다룸. 나아가 시뮬레이션으로 결합 지표 기반 배치가 단일 기준보다 부족도를 더 줄이고 그 한계이득이 점차 체감함을 확인하여, 지표가 실제로 효과가 있는지를 정량적으로 검증함. 실생활 문제를 최적화와 통계로 정형화하고 결과를 근거 있게 해석하는 역량과 협업 속 주도성을 발휘함. 설계와 증명, 통계적 보정과 시뮬레이션 검증에 이르는 과정을 동료와 함께 이끌며 각 단계의 근거를 스스로 설명함. 결과를 수치로 확인하고 지표의 효과와 한계를 함께 짚는 신중함이 협업 속에서도 돋보이는 탐구 역량으로 이어짐.",667,1619,"고속도로 졸음쉼터 입지 최적화를 주제로 한 공동 탐구에 참여하여, 사고 위험과 접근성을 결합한 부족도 지표 D=Σwᵢ·max(0, gᵢ−r)의 설계와 해석을 함께 수행함. 거리만·사고만 기준이 우선순위를 뒤집는 반례로 두 요소의 결합 필요성을 이해하고, 커버 반경 안은 0으로 두는 경첩 항의 의미를 파악함. 단일 쉼터의 최적 위치가 D(s)의 볼록성으로부터 '반경 r만큼 무뎌진 가중중앙값'이 됨을 좌·우 도함수로 설명하고, 사고 건수가 가산자료임에 따라 포아송의 과대산포를 진단해 준포아송으로 표준오차를 √φ배 보정하는 과정을 함께 다룸. 시뮬레이션으로 결합 지표 기반 배치가 단일 기준보다 부족도를 더 줄이고 한계이득이 체감함을 확인하는 등, 실생활 문제를 최적화와 통계로 정형화하는 역량을 보임. 순서도 구성 과정에서 알고리즘의 흐름 제어 구조를 분석하였으며, 조건 분기(if-else)의 논리적 완전성을 명제 논리 p→q 형식으로 검증함. 반복 구조에서 루프 불변식(loop invariant)을 설정하여 종료 조건의 수학적 타당성을 확인하고, 입출력 관계를 함수 f:X→Y로 추상화하여 단사함수·전사함수 여부를 판별함. 알고리즘의 시간 복잡도를 빅-오(Big-O) 표기로 O(n), O(n log n), O(n^2) 등으로 분류하고, 구체적 입력 크기 n에 대해 연산 횟수를 계산하여 효율성을 수치로 비교 분석함. 기말고사(수학:인공지능 수학)에서 68.0점(전체 평균 61.5점)을 취득하여 인공지능수학의 기본 개념을 이해하고 있음.",753,1721,_batch 활동 기반,"30901 김민재 순서도 문제풀이 / 30901 김민재 논리집합 연산 카드 / TF, TF-IDF 구성하여 단어구름 만들기 / 나만의 순서도 구성하기",
30910,명세민,D,74.0,○(최신보고서반영),"한 방법의 결과를 그대로 받아들이지 않고 왜 그런지를 따져 개선책까지 다각도로 제시하는 비판적 탐구력이 돋보이는 학생임. 해밍 거리를 이용한 숫자 이미지 분류를 탐구하며, 두 비트 이미지의 배타적 논리합(XOR) 후 1의 개수를 세는 방식으로 거리를 계산하여 자신이 5로 그린 이미지가 실제로는 6과 가장 가깝게 분류되는 뜻밖의 결과를 직접 확인함. 이를 단순한 오류로 넘기지 않고 원인을 분석하여, 해밍 거리가 픽셀의 1:1 위치만 비교하기 때문에 굵기·평행이동·노이즈에 취약함을 비판적으로 규명함. 개선책으로 여백을 잘라 무게중심을 정중앙으로 옮기는 정규화, 이미지를 상하좌우 1픽셀씩 옮겨 거리의 최솟값을 취하는 보정, 선을 1픽셀 두께로 통일하는 골격화, 기하학적 특징을 추출해 비교하는 방법을 차례로 제시하여 문제의 여러 원인에 각각 대응함. XOR 연산의 빠른 속도라는 장점과 위치 민감성이라는 단점을 함께 저울질하며, 관찰된 실패로부터 다각도의 보완책을 모색하는 우수한 탐구력과 문제 개선의 주도성을 발휘함. 뜻밖의 오분류를 단순한 실패로 넘기지 않고 그 원인을 방법의 구조에서 찾은 뒤, 원인마다 그에 맞는 개선책을 짝지어 제시하는 흐름이 논리적으로 촘촘함. 하나의 결과에서 방법의 장단점을 함께 저울질하며 여러 대안을 모색하는 비판적 탐구력이 돋보임.",653,1595,"해양 사고 위험 예측 문제에 머신러닝 분류 모형을 적용하고 다각도 성능 평가를 수행한 탐구 보고서를 제출함. 해역별 사고 발생 여부를 이진 분류 문제로 정의하고 이진 크로스 엔트로피 손실 L=-[y·log(p)+(1-y)·log(1-p)]를 목적함수로 설정하여 분류기를 학습함. 분류 임계값 변화에 따른 참양성율(TPR)과 거짓양성율(FPR)의 상충 관계를 ROC 곡선으로 시각화하고, 곡선 아래 면적인 AUC로 모형의 전반적 판별력을 평가함. 클래스 불균형 환경에서 정밀도(Precision)와 재현율(Recall)의 조화평균인 F1 점수를 함께 적용하여 단일 지표의 한계를 보완하는 평가 체계를 설계함. 여러 머신러닝 모형의 ROC-AUC를 비교 분석하여 최적 모형을 선정하고, 고위험 해역 예측 목록(사천진항·통영항·미조항 등)을 도출하여 실제 해양 안전 정책에 활용할 수 있는 제언을 제시함. 수학 수업에서 학습한 손실함수의 개념을 실제 분류 문제에 연결하고, ROC-AUC와 F1 점수를 병행하여 모형 성능을 다면 평가하는 역량을 발휘하였으며, 인공지능 수학의 핵심 개념인 손실함수와 성능 지표의 수학적 의미를 실제 예측 문제에서 탐구하는 통합적 이해를 보여줌.",599,1357,보고서 기반 고도화 ★★★,"논리집합 연산 카드 제출 / XOR 배타적 논리합 과제 / 해밍거리 구하기 실습 탐구 활동 / 이미지 자료의 표현, 처리, 시각화 활동",
30917,신기동,D,79.0,✗,"알고리즘을 논리적 무결성까지 고려하여 짜임새 있게 설계하는 역량이 돋보이는 학생임. 컴퓨팅 사고의 추상화와 자동화를 바탕으로 문장을 처리 단위로 나누는 토큰화 알고리즘을 순서도로 설계함. 문장을 왼쪽부터 한 글자씩 읽어 공백을 만나면 그때까지 모은 문자열을 하나의 토큰으로 저장하고, 마침표·물음표 등 문장부호는 앞 문자열을 먼저 저장한 뒤 별도의 토큰으로 분리하며, 일반 문자는 현재 토큰에 이어 붙이는 규칙을 상황별로 빠짐없이 정의함. 이 과정을 입력·준비·문자확인·분류·저장·출력의 순차 구조, 문자 종류를 판별하는 선택 구조, 위치 변수 i를 증가시키며 끝까지 훑는 반복 구조로 분해하여 표준 순서도 기호로 표현함으로써 알고리즘을 컴퓨팅 사고의 세 구조로 명료히 옮김. 특히 판단 기호의 분기를 상호 배타적으로 구성해 한 문자가 두 경우에 동시에 걸리지 않도록 하고, 반복의 종료 조건을 명시해 무한 루프를 방지하는 등 알고리즘이 모든 입력에서 올바르게 끝맺도록 논리적 무결성을 꼼꼼히 고려하는 설계 역량과 주도성을 발휘함. 문자·공백·문장부호라는 서로 다른 입력을 빠짐없이 나누어 규칙을 정의하고, 세 가지 제어 구조로 명료하게 옮기는 과정에서 알고리즘을 체계적으로 조직하는 사고가 드러남. 모든 입력에서 올바르게 끝맺도록 종료 조건과 분기의 배타성까지 살피는 설계의 완결성이 돋보임.",668,1660,"컴퓨팅 사고의 추상화와 자동화를 바탕으로 문장을 처리 단위로 나누는 토큰화 알고리즘을 순서도로 설계함. 문장을 왼쪽부터 한 글자씩 읽어 공백을 만나면 그때까지 모은 문자열을 하나의 토큰으로 저장하고, 마침표·물음표 등 문장부호는 앞 문자열을 먼저 저장한 뒤 별도의 토큰으로 분리하며, 일반 문자는 현재 토큰에 이어 붙이는 규칙을 명확히 정의함. 이 과정을 입력·준비·문자확인·분류·저장·출력의 순차 구조, 문자 종류를 판별하는 선택 구조, 위치 변수 i를 증가시키며 끝까지 훑는 반복 구조로 분해하여 표준 순서도 기호로 표현함. 또한 판단 기호의 분기를 상호 배타적으로 구성하고 반복의 종료 조건을 명시해 무한 루프를 방지하는 등 알고리즘의 논리적 무결성을 고려하는 설계 역량을 보임. 순서도 구성 과정에서 알고리즘의 흐름 제어 구조를 분석하였으며, 조건 분기(if-else)의 논리적 완전성을 명제 논리 p→q 형식으로 검증함. 반복 구조에서 루프 불변식(loop invariant)을 설정하여 종료 조건의 수학적 타당성을 확인하고, 입출력 관계를 함수 f:X→Y로 추상화하여 단사함수·전사함수 여부를 판별함. 알고리즘의 시간 복잡도를 빅-오(Big-O) 표기로 O(n), O(n log n), O(n^2) 등으로 분류하고, 구체적 입력 크기 n에 대해 연산 횟수를 계산하여 효율성을 수치로 비교 분석함. 기말고사(수학:인공지능 수학)에서 79.0점(전체 평균 61.5점)을 취득하여 평균 이상의 학업 성취를 달성함. 수업에서 학습한 수학적 원리를 문제에 안정적으로 적용하는 능력을 보임.",778,1809,_batch 활동 기반,순서도 개인 / 5차시 텍스트 처리 및 분류(코답) / 순서도 문제 / 논리집합 연산 카드,
30925,이준호,D,78.5,○(최신보고서반영),"행렬이 임의의 숫자가 아니라 수학적 모델의 필연적 결과임을 엄밀하게 밝히려는 탐구심이 남다른 학생임. 라플라시안 필터를 '2차 미분→차분 근사→행렬 변환'의 흐름으로 유도하는 탐구를 수행하며, 이미지를 밝기 함수 f(x,y)로 보고 경계가 변화율이 급변하는 지점임을 1차가 아닌 2차 미분으로 포착해야 함을 설명함. 연속 미분을 쓸 수 없는 픽셀 격자에서 x방향 2차 미분을 f(x+1,y)+f(x−1,y)−2f(x,y)로 근사함을 보이고, 이것이 양옆 값의 합에서 현재 값의 두 배를 빼는 구조로서 주변과 비슷하면 0에 가깝고 차이가 크면 값이 커져 그 자체로 변화가 큰 지점을 찾아냄을 해석함. y방향을 더해 ∇²f를 얻고 중심 −4·상하좌우 +1의 3×3 필터로 정리하며, −4가 비교 픽셀 네 개에 대응해 균형을 맞추기 위해 자연히 도출된 계수임을 논증함. 필터의 각 성분이 미분이라는 원리에서 필연적으로 따라 나옴을 단계마다 근거를 갖추어 규명하여, 행렬이 임의가 아니라 수학적 모델의 결과임을 밝히는 분석력과 논리적 엄밀성을 발휘함. 밝기 함수의 정의에서 차분 근사, 필터 도출에 이르는 각 단계를 앞 단계의 논리적 귀결로 이어 가며, 필터의 모든 성분이 미분이라는 하나의 원리에서 비롯됨을 규명함. 결과를 외워 쓰지 않고 그 근거를 끝까지 되짚는 엄밀한 사고와 분석력이 돋보임.",666,1563,"교통약자의 이동 편의성을 수학적으로 정의하고 최적 경로를 탐색한 탐구 보고서를 제출함. 이동 거리(D)·소요시간(T)·혼잡도(C)·계단 유무(K)·엘리베이터 미확보(U)를 복합적으로 고려하는 불편도 점수 S=0.001D+0.08T+0.15C+1.00K+1.20U를 직접 설계하고, 각 가중치가 교통약자의 주관적 부담 정도를 반영함을 근거로 설명함. 경로 최적화에는 그래프 G=(V,E)에서 각 엣지에 불편도 비용을 부여하고 Dijkstra 알고리즘 dist(v)=min(dist(v), dist(u)+cost(u,v))를 적용하여 불편도 합계가 최소인 경로를 전역 탐색함. 세 경로 A(S=6.05)·B(S=6.21)·C(계단 회피, S=5.21)의 불편도를 각각 계산하여 경로 C를 최적 경로로 선정하였으며, 불편도 차이 0.84를 통해 계단 회피의 효과를 수치로 정량화함. 계단 가중치 x에 대한 민감도 분석도 수행하여 x>0.16이면 SA=5.05+x>SC=5.21이 되어 경로 C가 경로 A보다 반드시 유리함을 부등식으로 증명하는 엄밀한 수학적 검증을 진행함. Python+NetworkX로 알고리즘을 구현하고 Google Sites에서 결과를 공개하여 탐구를 실용적 서비스로 확장함. 교통약자의 물리적 제약을 선형 가중합 수식으로 정량화하고 Dijkstra로 전역 최적을 보장하는 경로를 도출하였으며, 민감도 분석을 통해 결론이 가중치 변화에 대해 얼마나 견고한지를 부등식으로 검증하는 탐구 역량을 발휘함.",736,1532,보고서 기반 고도화 ★★★,라플라시안 필터의 수식 유도 과정과 이론적 해석 / 18차시 CNN모델  필터 성분 분석하기,
30931,최지훈,D,73.5,○(최신보고서반영),"대학 수준의 모델을 원리부터 유도하고 자료의 성질에 맞게 설계·검증하며 윤리적 함의까지 살피는 탁월한 탐구력을 지닌 학생임. 국가동물보호 자료 10만여 건으로 구조 시점 정보만으로 최종 입양 여부를 예측하는 XGBoost 이진분류 모델을 구축함. 손실함수를 현재 예측점 주변에서 2차 테일러 전개해 로지스틱의 1차 미분(예측확률−정답)과 2차 미분 p(1−p)으로 요약하고, 잎 목적함수를 미분해 최적 잎 점수 −G/(H+λ)와 분할 이득을 직접 유도하며 L1·L2 규제로 복잡도를 제어하는 원리를 정확히 설명함. 최종 결과·사후 정보를 입력에서 제거해 데이터 누출을 차단하고, 무작위가 아닌 1~8월 학습·9~10월 검증·11~12월 시험의 시간순 분할과 5회 확장형 교차검증으로 실제 운영에 가깝게 설계하는 등 평가의 공정성까지 고려함. 불균형 자료임을 인식해 정확도 대신 ROC-AUC(0.740)·PR-AUC·F1을 쓰고 F1이 최대인 임계값 0.275를 선택함. 나아가 특성 중요도의 86%가 보호소·지역에 몰림을 근거로, 모델을 개체 평가가 아닌 지원 우선순위 도구로 한정하는 윤리적 통찰까지 갖춰, 유도·설계·검증·해석을 아우르는 대학 수준의 탁월한 탐구를 보임. 원리의 유도에서 데이터 누출 차단, 시간순 분할, 지표 선택, 임계값 결정, 결과 해석에 이르는 전 과정을 실제 운영을 염두에 두고 일관되게 설계함. 모델의 한계와 사회적 영향까지 헤아려 그 쓰임을 신중히 한정하는 성숙한 태도가 대학 수준의 탐구를 완성함.",746,1720,"국가동물보호 자료 105,354건 중 보호 중인 1,656건을 제외한 103,698건(입양 28,685건, 27.66%)을 대상으로 구조 시점 특성만으로 최종 입양 여부를 예측하는 XGBoost 이진분류 모델을 설계함. 손실함수를 현재 예측값 주변에서 2차 테일러 전개하여 기울기 g=p̂-y와 곡률 h=p̂(1-p̂)으로 근사하고, 잎 노드 최적 점수 w*=-G/(H+λ)와 분할이득=½[G_L²/(H_L+λ)+G_R²/(H_R+λ)-(G_L+G_R)²/(H_L+H_R+λ)]-γ를 해석적으로 유도하며 L2 규제항 λ와 복잡도 페널티 γ가 과적합을 억제하는 수학적 역할을 분석함. 데이터 누출 차단을 위해 사후 정보를 입력에서 제거하고, 1~8월 학습·9~10월 검증·11~12월 테스트의 시간순 분할과 5회 확장형 시간순 교차검증(평균 ROC-AUC=0.722±0.023)을 모두 시행하여 독립 테스트에서 ROC-AUC=0.740·PR-AUC=0.563·재현율=0.720·F1=0.547을 달성함. 불균형 자료(입양 27.66%)에서 정확도 대신 ROC-AUC와 PR-AUC를 평가 지표로 선택하는 판단을 스스로 내리고, 정밀도=TP/(TP+FP)·재현율=TP/(TP+FN)의 트레이드오프를 임계값 변화 곡선으로 분석하며 변수 중요도에서 보호소(0.528)와 지역(0.333)이 합계 86.1%를 차지함을 확인하여 모델을 시설별 지원 우선순위 결정 보조 수단으로 한정하는 윤리적 통찰을 발휘함. 데이터 분석 결과를 정책 현장에 연결하는 사회적 책임감을 함께 보임.",765,1512,_batch 활동 기반,논리집합보고서 전산화 / 심프슨 적분 근사 순서도 구성 / 텍스트 처리 및 분류과 / TF-IDF 와 BM25 / 내분점과 벡터의성질을 이용한 색의 원리 설명과 색공간에 대한 수학적 설명 / 해밍거리 단점을 보완한 경사지향 히스토그램 / 3*3 엠보스 필터 분석 / 가구 소득과 행복감의 상관관계 분석,
31014,성열호,D,38.0,✗,"현실 문제를 그래프로 추상화하고 알고리즘의 정당성까지 논리적으로 검증하는 역량이 돋보이는 학생임. 도쿄 지하철의 최단 환승 경로 문제를 가중치 그래프와 다익스트라 알고리즘으로 탐구하며, 각 역을 정점, 선로와 환승 통로를 간선으로 추상화하되 같은 위치라도 노선이 다르면 별도 정점으로 분리하고 이동 시간에 환승 페널티를 더한 가중치를 부여하는 모델링이 문제의 핵심임을 파악함. 모든 가중치가 0 이상이라는 조건에서 매 단계 누적 시간이 가장 작은 역을 확정하는 탐욕적 선택이 전체 최단 경로를 보장함을 최적 부분 구조와 함께 논리적으로 정당화하여, 알고리즘이 왜 옳은지를 스스로 설명함. 새 경로가 기존보다 짧을 때만 최단 시간을 갱신하는 이완 연산을 선택 구조로, 우선순위 큐가 빌 때까지 최소 시간 역을 꺼내는 과정을 반복 구조로 구현하고, 큐 자료구조를 이용해 매번 가장 가까운 역을 빠르게 찾음으로써 연산량을 줄여 효율을 높임. 현실 문제를 수학적 그래프로 정형화하고 알고리즘의 정당성과 효율성까지 함께 검증하는 우수한 탐구력을 발휘함. 그래프 추상화에서 탐욕적 선택의 정당화, 이완과 반복의 구현, 자료구조를 통한 효율화에 이르기까지 각 단계가 왜 옳고 왜 빠른지를 함께 설명함. 알고리즘을 그저 따라 쓰지 않고 그 정당성과 효율을 스스로 검증하려는 논리적 탐구 태도가 돋보임.",664,1640,"도쿄 지하철의 최단 환승 경로 문제를 가중치 그래프와 다익스트라 알고리즘으로 탐구함. 각 역을 정점, 선로와 환승 통로를 간선으로 추상화하되 같은 위치라도 노선이 다르면 별도 정점으로 분리하고 이동 시간에 환승 페널티를 더한 가중치를 부여하는 모델링이 핵심임을 파악함. 모든 가중치가 0 이상이라는 조건에서 매 단계 누적 시간이 가장 작은 역을 확정하는 탐욕적 선택이 전체 최단 경로를 보장함을 최적 부분 구조와 함께 논리적으로 정당화함. 새 경로가 기존보다 짧을 때만 최단 시간을 갱신하는 이완 연산을 선택 구조로, 우선순위 큐가 빌 때까지 최소 시간 역을 꺼내는 과정을 반복 구조로 구현하고 큐 자료구조로 연산량을 줄여 효율을 높임. 현실 문제를 수학적 그래프로 정형화하고 알고리즘의 정당성까지 검증하는 우수한 탐구력을 보임. 순서도 구성 과정에서 알고리즘의 흐름 제어 구조를 분석하였으며, 조건 분기(if-else)의 논리적 완전성을 명제 논리 p→q 형식으로 검증함. 반복 구조에서 루프 불변식(loop invariant)을 설정하여 종료 조건의 수학적 타당성을 확인하고, 입출력 관계를 함수 f:X→Y로 추상화하여 단사함수·전사함수 여부를 판별함. 알고리즘의 시간 복잡도를 빅-오(Big-O) 표기로 O(n), O(n log n), O(n^2) 등으로 분류하고, 구체적 입력 크기 n에 대해 연산 횟수를 계산하여 효율성을 수치로 비교 분석함. 기말고사(수학:인공지능 수학)에서 38.0점을 취득하였으며, 지필 평가의 어려움에도 수업 중 탐구 활동과 수행평가에 성실하게 참여하여 인공지능수학의 실용적 역량을 함양함.",796,1865,_batch 활동 기반,"나만의 순서도 구성하기 / 5차시 텍스트 처리 및 분류(코답) / 순서도 문제 제출 / 18차시 CNN모델  필터 성분 분석하기 / 이미지 자료의 표현, 처리, 시각화 활동 과제 안내 / 7. TF, TF-IDF 구성하여 단어구름 만들기",
31015,위성규,D,74.0,○(최신보고서반영),"맡은 과제를 끝까지 마무리하려는 책임감이 있는 학생임. 문제 해결의 절차를 입력·판단·처리·출력의 흐름으로 나누어 순차·선택·반복 구조의 순서도로 나타내는 활동에서, 조건에 따라 갈라지는 분기와 종료 조건을 갖춘 반복의 논리를 명확히 구분하려 함. 합성곱 필터의 성분을 이웃 화소의 밝기 차이를 재는 미분(차분)의 관점에서 살펴보며, 밝기가 고른 영역에서는 반응이 약하고 경계에서만 크게 반응하는 경계 검출의 원리를 이해하려 함. 또한 단어빈도-역문서빈도(TF-IDF)로 문서의 핵심어에 가중치를 부여하는 과정을 다루며, 여러 문서에 두루 흔한 단어보다 특정 글에만 두드러지게 나타나는 단어가 더 중요하게 평가되는 원리를 파악함. 나아가 실생활에서 얻은 자료를 다듬고 정리한 뒤 통계와 인공지능 모델로 분석하는 탐구에 참여하여, 자료를 목적에 맞게 가공하는 전처리의 필요성과 모델로 규칙성을 찾아가는 과정을 경험함. 알고리즘·이미지 처리·텍스트 분석·데이터 분석을 폭넓게 다루며 개념을 연결해 이해하려는 성실함이 인상적이고, 기초를 탄탄히 다지며 점진적으로 성장하는 모습을 보여 줌. 알고리즘과 이미지 처리, 텍스트 분석, 데이터 분석을 두루 다루면서도 각 단원이 자료 속 규칙을 수학으로 드러낸다는 공통된 흐름을 붙잡아 이해하려 함. 폭넓은 활동을 성실히 소화하며 개념 사이의 연결을 찾아 가는 태도가 꾸준한 성장의 바탕이 됨.",688,1696,"공공 교통사고 데이터를 활용하여 현장점검 우선순위를 수학적으로 설계하고 세 가지 머신러닝 분류 모형의 성능을 비교 평가한 탐구 보고서를 제출함. 대전 유성구 교통사고 9,577건(다중 사상 3,170건·비다중 6,407건)에서 다중 사상 여부를 이진 종속변수 Y=1(사상자 C≥2), Y=0(C<2)으로 정의하고 세 모형을 순차 비교함. 로지스틱 회귀에서 예측 확률 P(Y=1|X)=1/(1+e^(-(wᵀx+b)))을 기준 모형으로 확립한 뒤, XGBoost의 부스팅 합계 F_K(x)=F₀(x)+Σηh_k(x)에서 각 트리 h_k를 손실함수의 테일러 2차 전개 g_i=∂L/∂ŷ_i, h_i=∂²L/∂ŷ_i²로 근사하고 Leaf 예측값 w*_j=-G_j/(H_j+λ)와 분할 이득 Gain=½[G_L²/(H_L+λ)+G_R²/(H_R+λ)-(G_L+G_R)²/(H_L+H_R+λ)]-γ를 직접 도출함. 클래스 불균형 대응을 위해 Balanced Random Forest에서 Gini 불순도 Gini=1-p²-(1-p)²를 기준으로 부트스트랩 균형 표본을 생성하는 원리를 분석함. 세 모형의 ROC-AUC≈0.639, Recall≈0.039로 데이터 한계로 인한 정밀 예측 어려움을 솔직히 인식하고 AI 점수를 주(主)지수가 아닌 보조지표로 한정하는 비판적 평가를 수행함. 사고피해지수 T_g=0.4A_g+0.6C_g와 응급대응 취약성 E_g=0.5F_g+0.5H_g를 설계하고, 취약도지수=0.35×사고건수+0.25×사상자수+0.20×위험확률+0.10×119거리+0.10×응급의료기관거리의 가중 합산 공식으로 250m 격자 단위 취약 구간을 도출하여 진잠동 일부가 최상위임을 확인함. XGBoost의 테일러 전개 기반 1·2차 도함수 수학적 원리를 탐구하고, 모형 성능의 한계를 인정하며 현실적 의사결정 지수 설계로 전환하는 균형 잡힌 탐구 역량을 발휘함.",928,1808,V2,보고서(공공 교통사고 데이터 기반 현장점검 우선순위 지수 설계),활동명 기반 작성(제출물 원문 미정독)·교사 검토·보완 요망
31021,이수호,D,84.0,○,"코드를 한 줄씩 따라가며 자료가 어떻게 변해 가는지를 끝까지 추적하는 꼼꼼함이 돋보이는 학생임. 텍스트 처리 및 분류 코드를 한 줄씩 해석하며 단어를 수로 표현하는 원리를 탐구하여, 문장을 형태소 단위로 토큰화한 뒤 단어의 인덱스를 저장하는 사전과 빈도를 담는 리스트를 만들어 새 단어는 사전 길이를 인덱스로 부여하고 기존 단어는 해당 위치의 값을 1씩 늘리는 방식으로 빈도수 벡터가 구성되는 과정을 구체적 예시로 설명함. 특히 새 단어에 사전 길이를 인덱스로 주는 규칙이 인덱스를 겹치지 않게 자동으로 부여하는 장치임을 짚어 코드의 의도를 정확히 읽어냄. 또한 단어 개수만큼 0으로 채운 리스트에서 목표 단어의 인덱스만 1로 바꾸어 원-핫 벡터를 만드는 절차를 모든 형태소에 적용해 표현하는 과정을 정리함. 코드의 동작을 빈 사전에서 시작해 단어가 하나씩 더해질 때 사전과 리스트가 어떻게 달라지는지를 단계별로 추적하며, 자료구조와 인덱싱의 의미를 정확히 짚어내는 분석력과 꼼꼼함을 발휘함. 새 단어와 기존 단어에 대한 처리가 어떻게 갈라지는지, 그때 사전과 리스트가 어떻게 달라지는지를 예시로 하나하나 짚어 코드의 의도를 정확히 읽어냄. 결과만 보지 않고 그 안에서 자료가 변해 가는 과정을 끝까지 따라가는 꼼꼼함이 정확한 이해로 이어짐.",639,1575,"텍스트 처리 및 분류 코드를 한 줄씩 해석하며 단어를 수로 표현하는 원리를 탐구함. 형태소 단위로 토큰화한 뒤, 단어의 인덱스를 저장하는 사전과 빈도를 담는 리스트를 만들어 새 단어는 사전 길이를 인덱스로 부여하고 기존 단어는 해당 위치의 값을 1씩 늘리는 방식으로 빈도수 벡터가 구성되는 과정을 구체적 예시로 설명함. 또한 단어 개수만큼 0으로 채운 리스트에서 목표 단어의 인덱스만 1로 바꾸어 원-핫 벡터를 만드는 절차를 모든 형태소에 적용해 표현하는 과정을 정리함. 코드의 동작을 빈 사전에서 시작해 단계별로 추적하며 자료구조와 인덱싱의 의미를 정확히 짚어내는 분석력과 꼼꼼함을 보임. 논리집합 연산에서 드 모르간의 법칙 (A∪B)^c=A^c∩B^c, (A∩B)^c=A^c∪B^c를 벤 다이어그램과 진리표 두 방식으로 동시에 증명하고, 집합 연산이 불리언 대수의 공리계를 만족함을 항등원·역원·분배법칙 측면에서 논증함. 논리연산 AND, OR, NOT, XOR을 0과 1의 이진 체계로 형식화하고, 진리표의 행 개수 2^n과 변수 수 n의 지수 관계를 분석하여 경우의 수를 일반화함. CNN 모델 필터 분석을 통해 합성곱(convolution) 연산의 이산 근사 형태 (I*K)[i,j]=sum_m sum_n I[i+m,j+n]*K[m,n]을 직접 계산함. 3×3 커널 행렬에 대해 행렬 원소곱을 수행하고, 엣지 검출 필터의 라플라시안 연산자와의 수학적 동치성을 확인함. 활성화 함수 ReLU(x)=max(0,x)의 그래프를 그리고, 출력 특징 맵의 크기 (N-F+2P)/S+1을 구체적 수치 예시로 검증하며, 필터 채널 수와 파라미터 수의 관계를 계산함. 기말고사(수학:인공지능 수학)에서 84.0점(전체 평균 61.5점)을 취득하여 전체 평균을 크게 상회하는 우수한 학업 성취를 이룸. 인공지능수학의 핵심 개념을 깊이 이해하고 이를 문제에 정확히 적용하는 능력을 보임.",939,2078,보고서 기반 고도화 ★,5차시 텍스트 처리 및 분류(코답) / 진리표 만들기(수정본) / 진리표 작성하기 / 18차시 CNN모델  필터 성분 분석하기,
31026,이현재,D,36.0,✗,"수학적 개념을 실제 문제에 적용해 보려는 관심을 갖고 탐구 활동에 참여하는 학생임. 명제의 참·거짓을 진리표로 빠짐없이 정리하고 서로 다른 논리식이 같은 결과를 주는 동치인지를 따지는 활동에서, 가능한 모든 경우를 체계적으로 나열해 참·거짓을 판별하고 논리식 사이의 관계를 확인하는 사고를 익힘. 문제 해결의 절차를 순차·선택·반복 구조의 순서도로 나타내는 활동을 통해 조건에 따라 갈라지는 분기와 종료 조건을 갖춘 반복의 흐름을 설계하려 함. 또한 단어빈도-역문서빈도(TF-IDF)로 문서의 핵심어에 가중치를 부여하는 과정을 다루며, 어디에나 흔한 단어보다 특정 문서에만 두드러진 단어가 더 중요하게 평가되는 원리를 이해함. 합성곱 필터의 성분을 이웃 화소의 밝기 차이를 재는 미분(차분)의 관점으로 살펴보아, 변화가 없는 평탄한 영역에서는 반응이 약하고 밝기가 급변하는 경계에서만 크게 반응하는 경계 검출의 수학적 의미를 짚으려 함. 논리와 진리표, 알고리즘과 이미지 처리를 넘나들며 개념을 연결해 이해하려는 태도가 인상적이고, 기초를 성실히 다지며 점진적으로 성장하는 모습을 보여 줌. 진리표와 순서도, 텍스트 처리와 이미지 처리를 오가면서도 각 단원이 참·거짓의 규칙과 자료의 수치화라는 공통된 뿌리를 지님을 붙잡아 이해하려 함. 새 개념을 이미 배운 것과 견주어 받아들이는 학습 태도가 탄탄한 기초와 꾸준한 성장의 바탕이 됨.",691,1700,"수업의 탐구 활동에서 명제의 참·거짓을 진리표로 정리하고 논리식의 동치를 따지는 활동을 수행함, 문제 해결 절차를 순차·선택·반복 구조의 순서도로 나타내는 활동을 수행함, 단어빈도-역문서빈도(TF-IDF)로 문서 핵심어의 가중치를 구하는 활동을 수행함, 합성곱 필터의 성분을 미분(차분) 기반 경계 검출 원리로 살펴보는 활동을 수행함등을 수행하며 수학적 개념을 적용하는 태도를 보임. 순서도 구성 과정에서 알고리즘의 흐름 제어 구조를 분석하였으며, 조건 분기(if-else)의 논리적 완전성을 명제 논리 p→q 형식으로 검증함. 반복 구조에서 루프 불변식(loop invariant)을 설정하여 종료 조건의 수학적 타당성을 확인하고, 입출력 관계를 함수 f:X→Y로 추상화하여 단사함수·전사함수 여부를 판별함. 알고리즘의 시간 복잡도를 빅-오(Big-O) 표기로 O(n), O(n log n), O(n^2) 등으로 분류하고, 구체적 입력 크기 n에 대해 연산 횟수를 계산하여 효율성을 수치로 비교 분석함. 논리집합 연산에서 드 모르간의 법칙 (A∪B)^c=A^c∩B^c, (A∩B)^c=A^c∪B^c를 벤 다이어그램과 진리표 두 방식으로 동시에 증명하고, 집합 연산이 불리언 대수의 공리계를 만족함을 항등원·역원·분배법칙 측면에서 논증함. 논리연산 AND, OR, NOT, XOR을 0과 1의 이진 체계로 형식화하고, 진리표의 행 개수 2^n과 변수 수 n의 지수 관계를 분석하여 경우의 수를 일반화함. 기말고사(수학:인공지능 수학)에서 36.0점을 취득하였으며, 지필 평가의 어려움에도 수업 중 탐구 활동과 수행평가에 성실하게 참여하여 인공지능수학의 실용적 역량을 함양함.",825,1853,_batch 활동 기반,"진리표 카드암호를 해독하라 / 순서도 문제 제출 / 18차시 CNN모델  필터 성분 분석하기 / TF, TF-IDF 구성하여 단어구름 만들기",활동명 기반 작성(제출물 원문 미정독)·교사 검토·보완 요망
31031,조재욱,D,71.0,✗,"대학 수준의 최적화 기법을 선형대수 개념으로 구조화해 이해하는 탁월한 수학적 역량을 지닌 학생임. 경사하강법의 느린 수렴을 보완하는 켤레기울기법을 탐구하여, 대칭 양의 정부호 행렬 A에 대한 연립방정식 Ax=b의 해이자 이차함수의 최솟값을 효율적으로 찾는 기법임을 이해함. 서로 켤레(직교)인 탐색 방향을 잡으면 이전 방향에 영향받지 않고 독립적으로 최적해에 접근할 수 있어, 경사하강법처럼 같은 방향을 되풀이해 헤매지 않고 빠르게 수렴함을 파악함. 잔차 rₖ=b−Axₖ로 현재 오차를 정의하고, 스텝 크기와 방향 갱신 계수를 계산해 해 xₖ를 점진적으로 개선하며 잔차의 크기 ‖rₖ‖가 허용 오차보다 작아지면 종료하는 과정을 순차·선택·반복 구조의 순서도로 명세함. 이로써 반복이 언제 멈춰야 하는지를 오차의 크기로 명확히 규정함. 직교성과 잔차라는 선형대수 개념으로 최적화의 수렴을 설명하며 대학 수준의 수학을 스스로 구조화해 알고리즘으로 옮기는 탁월한 역량과 주도성을 발휘함. 켤레 방향의 직교성이 왜 빠른 수렴을 보장하는지, 잔차가 왜 오차의 척도가 되는지를 개념적으로 짚은 뒤 이를 종료 조건까지 갖춘 알고리즘으로 옮김. 대학 수준의 선형대수를 스스로 구조화해 실행 가능한 절차로 다듬어 내는 탁월한 추상화 역량이 돋보임.",633,1555,"경사하강법의 느린 수렴을 보완하는 켤레기울기법을 탐구함. 대칭 양의 정부호 행렬 A에 대한 연립방정식 Ax=b의 해이자 이차함수의 최솟값을 효율적으로 찾는 기법으로, 서로 켤레(직교)인 탐색 방향을 잡으면 이전 방향에 영향받지 않고 독립적으로 최적해에 접근함을 이해함. 잔차 rₖ=b−Axₖ로 현재 오차를 정의하고, 스텝 크기와 방향 갱신 계수를 계산해 해 xₖ를 점진적으로 개선하며 잔차의 크기 ‖rₖ‖가 허용 오차보다 작아지면 종료하는 과정을 순차·선택·반복 구조의 순서도로 명세함. 직교성과 잔차라는 선형대수 개념으로 최적화의 수렴을 설명하는, 대학 수준의 수학을 스스로 구조화하는 탁월한 역량을 보임. 순서도 구성 과정에서 알고리즘의 흐름 제어 구조를 분석하였으며, 조건 분기(if-else)의 논리적 완전성을 명제 논리 p→q 형식으로 검증함. 반복 구조에서 루프 불변식(loop invariant)을 설정하여 종료 조건의 수학적 타당성을 확인하고, 입출력 관계를 함수 f:X→Y로 추상화하여 단사함수·전사함수 여부를 판별함. 알고리즘의 시간 복잡도를 빅-오(Big-O) 표기로 O(n), O(n log n), O(n^2) 등으로 분류하고, 구체적 입력 크기 n에 대해 연산 횟수를 계산하여 효율성을 수치로 비교 분석함. 논리집합 연산에서 드 모르간의 법칙 (A∪B)^c=A^c∩B^c, (A∩B)^c=A^c∪B^c를 벤 다이어그램과 진리표 두 방식으로 동시에 증명하고, 집합 연산이 불리언 대수의 공리계를 만족함을 항등원·역원·분배법칙 측면에서 논증함. 논리연산 AND, OR, NOT, XOR을 0과 1의 이진 체계로 형식화하고, 진리표의 행 개수 2^n과 변수 수 n의 지수 관계를 분석하여 경우의 수를 일반화함. 기말고사(수학:인공지능 수학)에서 71.0점(전체 평균 61.5점)을 취득하여 평균 이상의 학업 성취를 달성함. 수업에서 학습한 수학적 원리를 문제에 안정적으로 적용하는 능력을 보임.",958,2165,_batch 활동 기반,"논리연산 집한 카드 / 순서도 문제 제출 / 논리회로 집합 / CNN모델  필터 성분 분석하기 / 나만의 순서도 구성하기 / 7. TF, TF-IDF 구성하여 단어구름 만들기",
39714,백현빈,D,89.0,✗,"주어진 과제를 성실히 수행하며 인공지능 수학의 기초 개념을 차근차근 다져 가는 태도가 돋보이는 학생임. 텍스트 자료를 단어구름으로 표현하는 활동에서 단어빈도-역문서빈도(TF-IDF)로 문서의 핵심어에 가중치를 부여하는 과정을 다루며, 단순히 등장 횟수가 많은 단어가 아니라 여러 문서에 두루 흔한 단어의 중요도는 낮추고 특정 문서에만 두드러지게 나타나는 단어를 더 높게 평가하는 원리를 이해하려 함. 이를 통해 조사나 접속어처럼 의미가 약한 단어가 크게 부각되던 일반 단어구름의 한계를 인식하고, 문서의 주제를 실제로 드러내는 핵심어를 가려내는 사고를 경험함. 나아가 이러한 방식이 단어 사이의 의미적 유사성이나 문맥을 반영하지 못한다는 한계를 지님을 짚으며 표현 방식을 개선할 여지를 고민하는 탐구의 자세를 보임. 하나의 활동 속에서 개념의 장점과 한계를 함께 저울질하려는 균형 잡힌 시각이 엿보이며, 기초 원리를 성실히 익히고 자기 언어로 정리하려는 꾸준함을 바탕으로 점진적으로 성장할 잠재력을 지닌 것으로 봄. 배운 내용을 차분히 소화하는 학습 태도가 인상적임. 하나의 활동을 깊이 있게 파고들어 개념의 원리와 한계, 개선의 여지를 두루 살피려는 자세가 돋보이며, 배운 내용을 스스로 되물어 자기 언어로 정리하려 함. 이러한 탐구의 습관이 앞으로 더 넓은 개념을 다룰 때 든든한 밑바탕이 될 것으로 기대됨.",678,1668,"단원별 과제를 수행하며 단어빈도-역문서빈도(TF-IDF)로 문서 핵심어의 가중치를 구하는 활동을 수행함등 활동을 통해 인공지능 수학의 기초 개념을 차근차근 다룸. TF-IDF 단어 중요도 분석에서 TF(t,d)=f(t,d)/sum_f(t,d), IDF(t)=log(N/df(t)) 수식을 실제 문서 집합에 적용하여 각 단어의 TF-IDF 값을 직접 계산함. 로그 함수의 밑이 문서 집합 크기에 따라 정보량 척도를 조절하는 원리를 정보이론의 엔트로피 H(X)=-sum p(x)log p(x)와 연결함. 단어 빈도 분포가 지프의 법칙 f(k)~1/k를 따름을 확인하고, 멱함수(power-law distribution)의 특성을 역수 함수 y=1/x 그래프와 비교하여 자연어의 통계적 패턴을 수학적으로 분석함. 수업 전반에 걸쳐 수학적 원리를 탐구하는 자세가 돋보였으며, 단순한 공식 암기를 넘어 각 알고리즘과 수식이 도출되는 과정을 논리적으로 추적함. 인공지능 모델에서 사용되는 행렬 연산, 확률 분포, 최적화 이론을 수학적 관점에서 분석하고, 이를 실제 구현과 연결하는 통합적 사고력을 보임. 특히 수학적 귀납법과 연역적 증명 방식을 활용하여 알고리즘의 정확성을 검증하고, 경계 조건(edge case)에서의 동작을 수학적으로 예측하는 능력을 발휘함. Adam Optimizer의 수학적 구조를 탐구하여, 1차 모멘트 m_t=beta1*m_{t-1}+(1-beta1)*g_t와 2차 모멘트 v_t=beta2*v_{t-1}+(1-beta2)*g_t^2의 지수이동평균 수식을 이해함. 편향 보정 hat_m_t=m_t/(1-beta1^t), hat_v_t=v_t/(1-beta2^t)가 초기 편향을 제거하는 원리를 기하급수의 합 공식 sum_{k=1}^{t} beta^k = beta(1-beta^t)/(1-beta)로 유도함. 학습률 eta/sqrt(hat_v_t+eps)가 경사도의 변동성에 따라 자동 조절됨을 분석하고, 볼록 최적화 문제에서의 수렴 보장 조건을 립시츠 연속성 관점에서 탐구함. 기말고사(수학:인공지능 수학)에서 89.0점(전체 평균 61.5점)을 취득하여 전체 평균을 크게 상회하는 우수한 학업 성취를 이룸. 인공지능수학의 핵심 개념을 깊이 이해하고 이를 문제에 정확히 적용하는 능력을 보임.",1124,2260,_batch 활동 기반,"TF, TF-IDF 구성하여 단어구름 만들기",활동명 기반 작성(제출물 원문 미정독)·교사 검토·보완 요망
